"OBS","B_L_SA","C_N_SA","C_R_SA","CPI_RU_SA","E_SA","E_SAL_SA","G_N_SA","G_R_SA","I_N_SA","I_R_SA","L_SA","M_DE_SA","M_N_SA","M_NO_SA","M_O_SA","M_R_SA","M_RU_SA","MEA12_SA","MEA13_SA","MEA15_SA","MEA16_SA","MEA_SA","MEU15_SA","MEU25_SA","MEU27_SA","P_C_SA","P_CPI_SA","P_DE_SA","P_G_SA","P_I_SA","P_M_DE_SA","P_M_SA","P_MINO_SA","P_MIO_SA","P_OIL_SA","P_PPI_SA","P_SSKI_SA","P_X_SA","P_XINO_SA","P_XIO_SA","P_Y_SA","QM_SA","U_SA","W_B_SA","X_N_SA","X_NO_SA","X_O_SA","X_R_SA","X_RU_SA","Y_DU_SA","Y_INDEX_DE_SA","Y_MISR_SA","Y_N_DE_SA","Y_N_RU_SA","Y_N_SA","Y_N_SA_SA","Y_R_DE_SA","Y_R_SA"
"1995Q1",3951.35218367279,3864.37194457852,5224.8224952571099,14.895763040943301,1641.48174110893,1170.02052704224,1224.3212005376199,2176.70468250464,1226.39500817773,1225.50728761287,1947.3403873623499,113392.285581627,3729.5005050198101,2456.4631115141401,804.74326061851298,3693.09294737868,18366.297052532002,376836.92616053199,378830.02778661699,380381.171669957,382405.77760633599,369709.82402585598,462463.08305634302,484323.21814490901,487465.49844551901,0.73961784311073653,0.59613438331188895,1.0225078357381714,0.56246546000390207,1.0007243698783621,0.98458270885664401,1.0098582836012757,,,168.17864201542599,,0.66382818557263501,0.80857235893387791,,,0.63727627814799126,1659.0040031859,15.701561910329,420.90304421291899,2788.3971141652901,2153.5065119096598,242.54284072716399,3448.5436997152101,22982.5003328606,2244.55124914722,90.615746191290697,2233.0918780519901,477756.42534421303,257.36933242824801,5711.0575689042098,5726.1814137623896,467239.867163766,8961.6666502969401
"1995Q2",4065.2057609767899,4150.7287213687696,5557.2406272851003,19.1466288464066,1633.04842444319,1080.7974579687,1246.13830634081,2051.0506262683398,1370.63694833564,1422.83264847947,1970.0408117448501,112994.30776995599,3697.97543515692,2510.0959428138499,679.88964133346303,3638.0156256136502,19664.139901107301,377271.98537723703,379354.004329419,380878.55328272999,382889.10205598798,370752.92813346302,466101.857261036,488429.17290085898,491798.10268590198,0.74690462403038693,0.63507146834054795,1.0399863118165202,0.60756096918388658,0.96331564348090437,0.9798276043095,1.0164814601457781,,,175.54117331933099,,0.69036816971466597,0.85924890798136266,,,0.68615073804185089,1700.1097913819401,17.030396699765902,466.90175683349901,3116.9866625119498,2382.7888549188501,271.06603099711401,3627.5712818008701,24115.010509932101,2403.0934760502801,90.521437316378794,2356.78432133664,485415.291290019,335.41821457939301,6178.0047790241897,6220.9010324545898,466751.61564593599,9003.8594094573
"1995Q3",4112.91824866767,4355.5315543819497,5812.2496032798299,22.723342382676901,1619.5734911575601,1061.5889078482701,1413.90014322397,2232.5746707927101,1280.2470837109199,1263.3156684409901,1971.8731557011499,112717.528104962,3937.0293706780899,2718.4366685083,716.33280453347902,3944.7096145672599,21400.849921789901,375684.06223524601,377733.328397826,379281.33282572101,381376.097999844,369354.34436483198,467865.43947468401,490529.684360062,493960.49195591698,0.74937104420363165,0.676452008936966,1.0341164492460921,0.63330474976764961,1.0134023630774913,0.96815454439290605,0.99805302680308638,,,154.343511544758,,0.740696509242464,0.85765345090315392,,,0.75249979123873934,1779.85969676133,17.972298053691102,509.43420215243702,3333.9502461520701,2427.4862133341699,383.50581096954801,3887.2929883757201,22866.8181289686,2571.0969362025999,90.360271948155599,2691.3953945017602,481814.720748224,394.157223357416,6821.5280174166401,6754.3438810882599,465919.211612468,9065.1560264053696
"1995Q4",4039.1711622389298,4652.8983617100102,6134.5637745185204,25.681701266105701,1623.79321153722,1049.0170065473501,1722.13272805867,2491.46685739648,1539.08722553147,1493.34991688898,1975.69772283098,114061.662321336,4220.8118399391797,2878.07054032725,793.02632267840795,4221.9824555037903,23020.7106603471,381818.390980064,383948.96856094501,385517.85428337898,387711.15127690998,375138.57574099803,476486.29339455097,499999.842992872,503677.28346895002,0.7584725716010996,0.73643804833787796,1.0365395041152441,0.69121237673546865,1.0306273219191469,0.97121745578270102,0.9997227332001144,,,151.75476711993301,,0.77332780335231199,0.85633659241695737,,,0.76580394170264365,1636.7324680879599,17.886434853802999,565.92004048438605,3505.56196745123,2547.6594721595602,385.96709215553398,4093.67297683379,23028.001501842398,2771.5070108751402,90.699529447776598,2751.3132939285902,484755.97293361998,426.64058828114997,7116.0118451777698,7115.4900984750502,467667.62965526502,9292.2110447178493
"1996Q1",3824.44532605733,5000.0875974045703,5946.38404913057,28.222132458426401,1618.2767276053801,1129.7235283677201,1636.99659132489,2184.8402214499001,1608.8623740294099,1554.0428251686601,1970.7341679362801,115697.385540595,4677.2624815544395,2884.86234151285,763.38137485566097,4531.2423878893997,22609.472087727099,394350.04217730899,396411.60003755399,398046.59544958401,400646.97709225398,386516.44217702799,487570.814765852,513483.48986816499,517087.33266090899,0.84086186766487792,0.78465159712849797,1.0301309807876313,0.74925231385503743,1.0352754428468214,0.96597724031201204,1.0322251782547114,1.2466115938115201,0.68361021720210002,180.08832296388101,0.80773715451521999,0.80233911608334796,0.91227877568435378,0.83766738268394603,0.71031296005963496,0.79624827547073429,1369.9494226966001,17.759589911090998,599.19202141737003,3972.0540634570998,2209.6296797557602,411.38530238794499,4353.9915312371804,25533.406407957998,2930.6007295118002,90.653278945968395,2830.4328390027599,481517.52087003499,464.95124108750002,7505.7141985074704,7533.2895156043996,467433.29717340402,9426.3490794628906
"1996Q2",3745.47242499203,5283.6023435657999,6016.5423205370698,30.397448244041001,1613.28063657659,1072.98774672628,1709.8171901533401,2186.4453138867598,1633.7741739661601,1565.3509707554099,1957.7610939425499,112926.421682703,4644.1497755683204,2767.2479585722999,676.00864119596702,4468.2982247584196,21824.3859962924,387502.35379937,389593.99206381402,391203.395037868,393661.60024288303,380394.94675747101,486168.137858767,512285.81360260898,515777.21918093198,0.87817920361510171,0.82188766973065697,1.0171007193833936,0.78200775445595927,1.0437110938626948,0.95965488483886496,1.0393553746783337,1.2044344847075199,0.69034562090542895,187.343535395347,0.825132293854833,0.82398975887723902,0.95239240952626492,0.80775026348368395,0.71906932124515399,0.85212756471250539,1245.9472515405901,17.568243453044399,611.01517315146396,3935.28396987623,1990.10500812493,388.62966782665399,4131.9984604179099,25870.261840991199,3007.1137371581099,91.243163818723204,2954.82404024679,478518.97736627399,484.07762417443701,7802.9425701233504,7846.7753904501196,470473.541358196,9157.0122752171992
"1996Q3",3793.44934010312,5394.0136275331497,6047.2698706423398,31.212825924104401,1605.3598742981701,1057.6223887409201,2009.9257504591701,2526.7158046576501,1675.5953055360401,1570.8394706109,1930.63488651292,114834.332012089,5053.9870862606704,3086.24998794873,884.78809809177301,4792.5481846555804,21599.6897474586,392443.80217556702,394631.398297187,396266.03782348899,398937.45191192499,385339.47246703203,491377.15055522701,519084.219667572,522539.04830593598,0.89197501400085499,0.83686782750046995,1.0204516936766701,0.79546965541362058,1.0666878041232313,0.95509457193298897,1.0545511263594898,1.2637998797326,0.68122127526840703,195.599450763812,0.84282522022081896,0.85001368341948802,0.93581350726176027,0.81187671873802503,0.72351564924383505,0.87721837878084774,1204.8626305190701,16.905079737723199,651.76738330916305,4348.5435464709399,2187.5775866601898,545.41707974706901,4646.8057072557203,25527.741489814001,3382.4763985906702,91.857090999900507,3206.5467554039101,483323.63575918,514.08580403850499,8594.4920526556707,8519.9274908597399,473636.95778461901,9797.4372864830293
"1996Q4",3808.9576178994298,5774.2179263007401,6260.1316151640904,31.920463383443899,1587.13591104745,1060.01160461529,1889.62164018096,2287.9564367630401,1939.72779625158,1867.1832947595699,1885.7072574194599,117565.04044219,5514.9335502980002,3453.5204703047998,940.17316930673201,5299.8761787248995,20869.860935704401,402990.60545304301,405131.42959146801,406820.632115855,409751.77584043198,395312.600606199,510014.13404544402,537985.60561764101,541534.23046794196,0.92237963692547487,0.84984510506820499,1.0082486200104779,0.82589930901584951,1.0388523728203938,0.95413596024412595,1.0405778105602539,1.2214117423459301,0.67259507802837104,205.68702579571499,0.87175546658230696,0.87122094611767498,0.95628181774660359,0.80778506554205598,0.75869816525021205,0.89180956411915946,1306.73053726784,15.9028423129822,683.62327859468905,4607.3389030772796,2253.3031768000701,645.93355591407305,4817.9718756277098,26010.332425823501,3399.24519703955,92.022589512114195,3234.5200637937201,478403.00617082202,540.05942526201204,8710.3079436329008,8705.7756501730091,474489.12567403301,9767.0044077583698
"1997Q1",3982.3256474521199,5938.5071505321403,6401.55423066197,33.243236345750098,1583.1946953148299,1023.72244707496,2025.1145559506001,2286.1262606850901,2105.5912694482799,1903.2694761258699,1861.1546369007799,119933.66615689101,5804.4467493685497,3747.7629194097899,938.23116939136696,5611.8133253409696,21292.6241971936,409427.25783485902,411642.59946130699,413311.67549719999,416354.76122431399,400599.59503182699,514714.04357187398,545235.71139509301,548747.95164927002,0.92766645982440621,0.86917280536279795,1.0014559932857754,0.88582795743911724,1.1063022319541627,0.95935666260001995,1.034326413381877,1.2143581115281099,0.71581918376567799,203.22494417580501,0.888574494551159,0.89394934864860198,0.98123853815102924,0.77008309397819197,0.80488770109299101,0.93713345811475146,1464.9568624035501,14.8964742160372,733.94502446153103,4814.9485209805698,2369.0231077112699,608.01483832778501,4907.01122486841,25355.979789856501,3608.5456736142801,91.027685191390503,3364.2208557796798,470047.07460855599,557.15228082307999,9259.9012739493992,9299.7969039514792,469363.684235722,9881.09131497419
"1997Q2",3823.6662264182801,6002.9609733345296,6341.4985022131495,34.979247245738001,1568.90508459987,1048.3934605783199,2395.1745093489599,2674.0916140702102,2129.54972710938,1950.4261569835301,1840.09884384525,124143.98674517599,6241.5706249498198,3984.12828239899,1060.6127953789801,5980.4722473239799,21760.583109528401,429112.49513344403,431455.58583817497,433214.43871809298,436430.59397478099,420681.65333379898,544957.11382078996,576840.83832410001,580975.59109309805,0.94661553120914999,0.88473095707509697,0.99437397479310319,0.89569650371973863,1.0918381705887688,0.95944647500646096,1.0436584882979218,1.23069396725436,0.71928973731324997,178.534115467356,0.88139281180116702,0.91293124163052997,0.98629311605845116,0.77170329485142497,0.788953957610117,0.96316723526580106,1343.2953076661299,14.7303381615224,792.26575785635703,5073.5123065211801,2476.6954577842998,742.318721566921,5144.0208026561004,24435.431822364098,3801.77744100361,93.840489010757807,3436.6149395891698,481144.75542069401,573.68538871066698,9747.8118392079105,9780.1031484479499,483867.00337848702,10120.5808112003
"1997Q3",3721.0025949035598,6274.4695435947597,6390.07358905403,35.787503892931298,1555.3881945553101,1023.58753901819,2425.7205664315602,2612.2412041194402,2367.5277069537001,2161.1189646106,1820.7868769178499,127139.82511566,6115.1450861213398,4099.9930601019796,884.92187928640396,5846.1207609394296,23609.243412706001,442109.31457408803,444559.53488297202,446318.20045196102,449471.94688281801,433731.62746684201,562958.30031396402,595912.84413374402,600180.68443242204,0.98190880842791917,0.90815176440692003,0.98967044044588315,0.92859746741849813,1.0955101249506141,0.96290342231375203,1.0460175792090001,1.19463942985307,0.69940861081614303,174.28797895515299,0.89337697029936503,0.92621833852269697,0.97279501512639965,0.74853947813451605,0.78234310448349398,0.96143534441071643,1454.9002178754399,14.5566361695333,841.57814032204999,5242.23426525586,2615.6282098810202,554.13315480613096,5388.8375081514096,25330.228476620901,4014.19472110069,93.4842345353686,3571.3223082751401,477048.80010237702,594.25545644971498,10197.4445920452,10137.642321785899,482027.93637794099,10606.4798338524
"1997Q4",4282.2125438818503,6550.53691356329,6528.4707409774801,35.724374471130503,1550.62368141403,1021.23511260115,2189.9815624642001,2244.4197942631899,2383.3365809909401,2204.2165293961102,1810.95462254684,128580.930752014,6772.3011138202401,4389.0767572711902,944.43284724590899,6438.4385994425702,25086.728183064199,450597.52472358203,452985.30568949197,454695.48446029302,457694.18390222202,441789.299059182,574519.18380239501,608317.98167623603,612618.23680521897,1.0033799910363856,0.92295817111082101,0.98874045742816852,0.97574507588191139,1.0812624572976519,0.96208765307778898,1.0518545776621331,1.18776468604353,0.69004385445206795,174.73790181505501,0.88554574240542305,0.94143509090352695,0.97564557332908508,0.74118274471243295,0.77335584099533505,0.99255369261851234,1531.73227232668,14.4165697888883,898.82283569386095,5754.1820169229504,2702.6621847300898,733.97187129769895,5897.8200426704198,25814.4184451164,4209.9559150769701,94.015361527211596,3744.3835817921299,479302.45188061998,615.11516135762702,10693.414888326601,10680.1047228837,484760.63488626998,10773.6387138067
"1998Q1",4577.6727997119197,6671.6325315010599,6573.7350868269104,36.258475309239302,1506.08334571507,1014.1275238994,2697.6023119903498,2678.8807144795801,2521.5655892381201,2399.3666360225102,1761.1651499479001,132526.00002731499,6557.7006583083803,4611.8561376010703,1019.49373182058,6267.8340972732904,24063.112887312898,463295.342763316,465889.47661518701,467680.516409014,471069.68992410402,453414.04609668901,585344.02571153501,622735.89326391695,627183.23269091605,1.0148922101942206,0.92828566684201297,0.98881561376004912,1.006988589454386,1.050929670931068,0.95384728668771201,1.0462466868995768,1.19849167008371,0.66464510852084102,149.17504098712499,0.87526708235169504,0.95538934896736905,0.94005557111111004,0.77528755005997696,0.71443378373780397,0.995456934570775,1668.6411614066899,14.4623663780421,943.33317583404903,5474.0318754498903,2733.4068747113301,823.24863674247001,5823.0939145223001,22688.009163114199,4363.1781610908301,94.855347025640697,3786.8591340449998,483631.39992117602,595.87186223761296,10840.7320380574,10884.9634793285,489101.70226998097,10890.206960818199
"1998Q2",4987.0571325685796,6723.3881508987997,6606.1849044590499,37.565739112813702,1480.65710276491,1008.0247419947,2572.7656309468798,2531.6189228141898,2786.2786521338398,2590.02820404153,1717.4013661654701,133493.79558174699,6566.4595991378501,4754.4993654339796,851.58917187395002,6572.7583519804202,21836.5949787883,464248.67625261698,466701.15853681799,468452.50936354499,472111.24588911003,455523.97687329497,588901.90090244601,626173.92925066897,630457.467431759,1.0177414420175614,0.94271775756931997,0.99442676582151557,1.0162531207844467,1.0757715486596158,0.94325845228554905,0.99904168805465488,1.1694251361671599,0.58504669642654095,141.444288288584,0.85984256682704796,0.96673357956107497,0.91668542679842746,0.71711520970029996,0.65980472815943703,1.0006264247354333,1760.07022057583,13.7878098705336,989.63302755294103,5379.5304613332801,2673.6641457175501,696.39305979728204,5868.4585835749303,22499.958628741599,4592.4817859020104,94.562605091846805,3749.09991984609,484875.46768879797,622.85010667669599,11101.342208431901,11109.331261429699,487592.937312214,11094.3924066038
"1998Q3",5323.2146688908697,7050.2572578439303,6864.9629139642502,43.8155721730732,1487.6685981635201,1014.22173934642,2597.6171481905599,2491.1177878663798,2876.1412320035201,2677.8839499819101,1709.58397279356,133660.89302595801,6626.3799988875999,4656.7742084076799,752.25679193676604,6727.1629924828103,17362.2504866483,468363.94185906899,470917.58893930598,472737.945062668,476286.17282340099,459680.89572024002,591992.32989545097,629860.00284149905,634014.17484626104,1.0269913102520578,0.94680253350641896,0.99846827802280791,1.0427516357688553,1.074035053693402,0.93080453253836504,0.98501849981815082,1.16189625973829,0.51751550352870601,132.32672766730201,0.83903723215707704,0.97371963278698903,0.88872363088967166,0.75671753646347595,0.571487361345005,1.0053982735170879,1835.97103755938,12.878638066860701,1024.2376144026,4934.2300935356398,2469.7349305156999,675.25426085874199,5552.0410643251898,22268.1208069247,4838.59040750032,95.144958262925499,3660.9603516215798,489838.77765937801,632.26429665645196,11370.5134428565,11350.960896211,490590.22548955597,11309.461874327801
"1998Q4",5572.31113163604,7028.47274846442,6843.6890642340204,60.829856692931799,1504.66339229448,988.32644288864901,3018.93599347085,2753.9584598992401,2496.1198785926499,2332.8484699739502,1723.67075044745,132911.27548695501,5758.0096422930501,4176.0244884062104,690.37034020953195,5865.1168792009103,12015.0370418276,468047.02445302799,470658.82484855701,472492.86701017502,475811.38463523198,458724.45334050403,590502.90486391506,627017.51335637097,630927.665372235,1.0270005960960591,0.94865812887372003,1.0041456059190772,1.0962169682041263,1.0699880042446661,0.91585468772839196,0.98173826044495593,1.18893265572632,0.48588916823148798,123.00052910307301,0.81915961074783905,0.98228195204611302,0.88295275034847198,0.72206792145217902,0.51055624022571999,1.0093751753116398,2029.0191456574501,12.777302011737101,1042.60399427128,4553.3763929654697,2357.2855083714799,565.028355092688,5156.9876090973203,19694.698359590198,4889.2791960208497,95.435709745635606,3463.8049512993398,494120.25571660697,772.03464737872298,11371.8084548857,11344.029372896999,492080.28477538098,11266.1859861718
"1999Q1",5858.9684146812497,6745.8430081206798,6673.1249863162402,73.376969570200401,1500.2229068868801,1035.42384656592,2555.6667461850102,2599.6288965554099,2370.1065998532799,2270.1066275827802,1728.4668469232199,134342.640303828,5043.2079878287404,3906.5783389178,568.11964392453501,5367.1930941268802,13045.9627472087,471504.24034835398,474005.86847872601,475786.56064758199,478717.48555783601,460736.76610827498,594847.36585889198,630463.96307765099,634251.73111793504,1.0108971466821846,0.94692785727593298,1.0073398154949971,0.98308906689387432,1.0440507820449738,0.91023435336321701,0.93963602564389481,1.11735301391069,0.48856941952128802,129.05119741817401,0.81077202048207697,0.99021306532696496,0.86665023056403079,0.68135703547440096,0.52168950988569296,0.98452195209825932,2276.88436657904,13.2423917877018,1046.9664781788799,4199.8282435300698,2284.2236523296501,398.99698690746902,4846.0475696138101,18610.891674731502,4739.41479940923,95.574182504140296,3261.5970153028502,496428.59840132901,972.10380159169199,10862.955810093399,10897.6274907035,492811.45326057501,11033.736512367001
"1999Q2",6249.34336755192,7294.9638088818001,7195.5992529935402,81.436040259302999,1483.46871928563,1032.1075735514801,2575.4344043084002,2434.9693787544102,2742.1113727746902,2701.8612591647802,1718.06325369866,141294.83648555601,5539.9855507122402,4044.8353989553402,793.26118302702105,5931.0598789693704,13187.058762496399,491098.31773353397,493933.97240558302,495844.16072620498,499098.51779392699,480886.46284597297,619574.91733397904,656942.68094965303,661048.13802042999,1.013809073072951,0.94784114957041699,1.0096615660995836,1.0576865675517628,1.0148971800359403,0.92096046412778498,0.93406333164097366,1.0854171208269701,0.59717157823195899,162.47257210798699,0.83322953562940005,0.99415380286468302,0.87430260884534039,0.68853915914275399,0.577448620269982,1.0028020048767528,2724.3469368503302,13.620751268070601,1057.82704744997,4188.0843995546702,2235.7742714607598,542.91883504269094,4790.2000487974301,19844.2220323033,4787.63608627754,96.064310059654005,3524.4911986151401,500123.544715008,1138.7710899449401,11128.092864705801,11117.9483695747,495337.80576300598,11096.999019336299
"1999Q3",6418.1697742649403,7281.3194460314298,7070.2894140999197,86.796849025459395,1458.5488714319899,1016.17049849204,2282.3487865145698,2284.4363900083099,2384.4273300142099,2324.6644116746302,1709.0378335328001,146204.620273181,5395.4229702826397,3887.0038728905602,813.16300187973002,5553.4834375639002,12851.249202285901,513051.62560033001,515622.94923256902,517564.59070800198,520610.17064362299,502295.77672665898,650192.44363299699,688842.84400924505,693274.42917820404,1.0298474389903565,0.94998447668283903,1.0067172307840917,0.99908616256382943,1.0257081917026156,0.93086686895132498,0.97153850028395949,1.06264849913837,0.73951041483997704,200.344410184477,0.87488007311848903,0.99205790779996905,0.91201679994854057,0.67386524647122903,0.73513174354215205,1.0018893395295123,2963.9063332195901,14.6480446032808,1070.6887938269699,4314.0663173905996,2317.0107056320999,466.53435145330201,4730.24873843773,20953.440584524498,4684.1947093486096,97.235103024907801,3254.7435428672802,504734.02718551998,1282.0420682551801,10945.7316928568,10963.767055476599,501366.23448115902,10925.090487535201
"1999Q4",6255.3813753308596,7128.8836146756803,7051.74722483818,89.851329066327807,1436.07445390677,985.95536440935598,2314.1044610433401,2276.8972545584902,2134.3013447204698,2132.0199719362799,1703.2039502227699,151558.34266254699,5381.0995897765197,3825.3708348877999,679.87413739567,5400.60662399996,13720.6051701823,537725.51208125101,540524.68028258195,542691.27638526401,545970.87323049305,526052.65017340099,683797.24001661094,724717.77931458096,729423.21586835198,1.0109386209372062,0.94946079341077905,1.0036391207952131,1.016341188171912,1.0010700522575864,0.94996398558387696,0.99638799201986827,1.0380996320133,0.87701964727037196,235.71465236149001,0.93116853211755402,0.98638822446866103,0.97705021609701781,0.71152953660413698,0.89956125397100695,0.98690680170590594,3069.3721216085901,15.739794965760399,1062.5120290252501,4258.2490457489303,2462.0076912719301,301.78066143301999,4358.2704098456497,24780.428875288799,4641.1578196527198,98.702375516544606,3244.1761904556402,510822.46254684101,1401.0690432822901,10772.055196499699,10738.258891785699,508970.25829573203,10914.96702412
"2000Q1",6100.3653644324504,7158.2537759955303,7212.3964531747897,92.131559297888998,1425.1491372125399,908.91641405912196,2736.56518687989,2752.3957808335599,2164.9228408771301,2192.5166821053299,1693.39199365847,160341.22567203399,5882.6785743747896,3869.09443954172,1315.4645900320099,5864.7276961000898,14668.375074116,573100.97321981203,576070.54651374905,578307.66378284805,582023.30153951596,559503.41019876895,724864.38374162,770287.66110586701,775582.04975261795,0.99249310856235218,0.95585618876274103,1.0027739016725064,0.99424843110721683,0.98741453533584822,0.97252438895229598,1.0030608204173974,1.0250818198088301,0.99479552588021702,274.86619908329698,0.99027585677260699,0.98661129176039997,0.99566709963955302,0.71330467782779905,0.98633084237045399,0.99648256531724777,3314.94101321676,15.749025926395101,1055.7086626437599,5204.9075434247097,2713.8396239163399,931.67141160499602,5227.5580315036696,28056.1343363247,4573.1766446530301,99.748213319542799,3497.2851073660099,515767.01811982301,1646.5317169331499,11490.180072630599,11512.3107046318,514340.28873267001,11530.7386928265
"2000Q2",6229.1193206008202,7407.1471795466896,7419.5003403764704,97.304624663735098,1411.0075535006299,900.64841054801502,2485.5116910546699,2524.24462677988,2086.4652126958299,2093.1599996047598,1686.66361396918,163627.13748134501,5601.9056844159604,3924.57051110667,1015.25865855036,5658.8290016419796,14189.2689483839,588915.902036782,591841.99732237903,594270.88438525901,598303.77338948799,576614.55200114695,747275.48490323196,794291.486211607,799697.37852821394,0.998335041409385,0.95608260078682605,0.99939497331806115,0.98465563308948356,0.99680158855023315,0.98742218637867496,0.98994079566470339,1.01362322273383,0.95861341023956503,266.76142999605798,0.99115907946772897,0.99837364395959005,0.98355895051976738,0.67598829652088699,0.97193879039919995,0.99821613854499336,3556.1703890886702,16.346455374778898,1059.97956055336,4859.7458770963804,2651.8271004171402,597.90389984722697,4940.9807866912497,28256.061050765002,4498.8367626015197,100.15634174425099,3575.3829917523699,516125.06002049602,1754.22872787492,11306.8402785618,11288.154101017,516437.51849874202,11327.046159605001
"2000Q3",6054.1364069552801,7371.1643275226497,7355.5756336259201,102.92719196728601,1402.7689663681001,891.81993398728196,2588.1724027524801,2566.3537279997199,2148.4543149675401,2154.97498541393,1687.5473469216799,171264.813451789,5960.3455579047404,4063.46536119866,1295.5169095239501,5881.4215084253801,15593.356262465401,613583.34554809704,616818.87144198699,619287.92776376603,623195.06318291603,600659.99491889903,779209.46505956305,829242.59055969096,835227.13658259995,1.0021193030529747,0.95846480714084104,0.99988909482409671,1.0085018189483046,0.99697413172286198,1.0069322140074899,1.0134192132575941,1.0087915698157,1.0094812475166901,289.06375643968698,1.0050588025140901,1.0054175176898901,1.0066408568838512,0.70462283257312397,1.0221795175255599,0.99495119551079247,3831.1867688541001,16.955122516403399,1052.1352918625,5280.7415143718399,2793.90009027939,861.38570257827098,5245.9042152519596,28674.007134187199,4456.4779142137804,99.978862619888105,3589.80123488975,515502.86034485698,1895.2265212178499,11281.8437264118,11322.92981392,515560.03862162901,11339.0925879735
"2000Q4",6066.63636901066,7512.6794539389402,7484.7264766518902,107.81165731956899,1390.60049468888,884.08746865268597,2614.4357012512601,2577.25517592593,2177.0126638174302,2136.48121583891,1666.4197324955401,185116.44190794101,5897.2553298107296,4234.3658136868999,1136.79627747478,5928.7084377621604,16425.3565147064,649902.08591584396,653076.54366731702,655761.10345258005,660088.99286859296,635866.79414541996,823581.15130652103,877315.26475983602,884420.00112088502,1.0037346691791942,0.96121862473932396,0.99845155523348494,1.0144264043671858,1.0189711230213672,1.0293047240875599,0.9946947790936902,0.98629860352659204,1.02761127598917,304.39812403525002,1.01450671003479,1.0084198668328499,1.0090694996247231,0.70440578854514102,1.15569726101702,1.0066989510904967,4174.2646946542,16.651644871483398,1057.7694186410399,5113.2594552478304,2859.6221180973098,805.60419306889105,5067.3015656002599,29658.269407469601,4526.2863821813298,100.144872062963,3856.99832544131,515609.18601799302,1984.6625936995599,11685.4595395951,11650.590669657,516408.816547358,11607.70012419
"2001Q1",6291.7096560124401,7858.1086365148703,7627.4441079889802,112.914743407918,1376.27403058339,865.85881975554901,2613.7727102108402,2665.9260817435302,2378.4239883906698,2399.9944915721599,1654.7823124256699,177993.90874557101,6553.5090064383503,4537.2356057000197,1447.0191291045801,6537.8857286929197,17122.475180391699,638547.30566393095,641738.96921573195,644144.96082946204,648759.40776605695,637400.10396844102,803778.16251622699,857303.75138071098,864259.22041945904,1.0302413921701887,0.95745663829216499,1.0060590504311531,0.98043705266629844,0.99101226971260259,1.01251352399673,1.0023896529235536,1.01364776529642,0.959921325046735,280.686640503376,0.99611618916421396,1.00175204837856,1.0055264952386183,0.73736021032432997,0.95282128214409401,0.98823912397210389,4525.42565178732,16.683289401656999,1066.7366606752,5894.7297329767698,3114.3893172211401,1144.08691068025,5862.3315853829499,30258.324777566701,4653.0145979686404,101.69810845843,4027.8297445060498,527578.24661428295,2050.7006998770098,12055.8650563152,12058.754442835199,524400.87526491203,12199.339981459299
"2001Q2",6440.4942218884298,7700.3356060124297,7588.7125085137504,120.6094046142,1360.4755523121601,865.73425366683205,2624.6405146991801,2668.8390886458201,2187.1312685350199,2163.4797051530099,1647.3659686722399,175339.266708396,6577.4977712966001,4464.1549348236504,1354.7920395920301,6565.8958180119998,18746.372844228601,630786.58268856199,633960.21575938701,636385.96824282198,641431.01797232602,631331.87008695304,797819.91217163496,851005.196135198,858177.66589885298,1.0147090955644253,0.96952043068237304,1.0103846929150786,0.98343902630373026,1.010932186387363,1.0111950004302199,1.0017670023415195,1.0034902173389799,0.96052555103561399,285.784952220457,0.99010234600459801,0.99361201173397296,1.0092996506201026,0.70749721616574301,0.98242935866229297,1.0061657136805866,4640.7351296246597,17.401451768051899,1062.05584586327,6081.1066314011596,3150.4909784943002,1169.1579234169801,6025.0755339754596,29307.7281827304,4623.5138488557104,101.16864185098601,4112.69892125149,527121.04789425805,2178.26416624698,12016.3004925567,12003.026279206601,521703.319132292,11942.6654368898
"2001Q3",6647.6256126039998,7806.0915348708204,7668.2732364312596,124.34474543058001,1345.4072136836401,869.21449182658705,2628.0473311277101,2669.4273150663298,2228.8686404950599,2317.2550824629998,1636.2843933397,172465.02667394801,6511.0365436622997,4783.2477347073,1137.1400883040401,6689.2129567490001,18864.5841087556,618909.131152099,622175.26518061501,624610.55793437897,629311.507308778,619349.30643751204,781946.27083158703,835317.76886025805,842476.48217774695,1.0179725336057144,0.97697529873700395,1.0116030276965287,0.98449855378902063,0.96185726697209606,1.00518483361972,0.97336362076693472,0.98496853309160004,0.89089979626208504,258.77416665319402,0.96244114326102503,0.99736454074906999,0.97297967930103857,0.689247907132439,0.876225513589173,0.99535265421899521,4958.6584961811004,17.9361710170643,1062.7829024954499,6037.56382308099,3203.60102501355,982.97641764763796,6205.2311590085901,28092.636501198602,4595.9451421764797,100.88347234234899,4193.7788140622397,526259.47513213102,2306.8428138419899,12099.6335463471,12147.4948926339,520223.30966174603,12156.1272731433
"2001Q4",7168.5178395517496,8061.6314053415799,7811.9516116842196,128.18793876737499,1346.65727556049,869.33610642522501,2543.7262752382899,2660.7729129559002,2966.3806730761999,2774.7933303642799,1633.4396138964701,167390.49217804699,7198.3443370046998,5231.0263147405703,1222.6978438165099,7566.6656120117996,19278.245065642401,602452.59672080702,605602.66674759402,607886.52897007298,612534.09101937199,602612.64584554103,763240.96094106301,817530.46395061805,824311.08452325803,1.0319612570671737,0.980253678747253,1.0204342295734243,0.95601028665479715,1.0690456260707417,0.992070625125412,0.95132317272982125,0.97770948572842997,0.78493786530349097,218.64646709379301,0.93228201341766603,0.98557670487595594,0.92245566397259438,0.67132176446365799,0.720383540720964,0.99099538511911289,5094.7343351074996,17.634090139088801,1071.2125310942099,6179.9435892731999,3387.8498106267398,939.85163662106504,6699.4478224124196,26083.327901389199,4658.83190522309,101.204943033294,4354.45733800167,532541.34237674205,2379.3007257838799,12430.9730987608,12400.3978897999,521877.18418595399,12543.9263244063
"2002Q1",7543.6487195441596,8242.2001340994702,8009.3132481577604,133.44625912770201,1372.78001532915,862.91311161081296,2723.9425693415201,2592.8745843650499,2566.6635763434401,2630.85500909947,1636.5452928216901,162395.59019837799,7121.3642666420501,5394.9932814551003,1050.60994885487,7569.17909369483,19190.9118928553,599445.72958871699,602737.38189873297,605055.64239327097,609786.13814880105,598347.42314863601,766286.09158687806,821922.38765940699,828844.33555002301,1.029077010565828,0.98321564841526499,1.023040230471463,1.0505492960464828,0.97560054334655166,0.98835894490674503,0.94083706812726731,0.95861849069288096,0.78287484819183395,235.67740339817399,0.93543672309437298,0.99127348223201595,0.92788565146348567,0.65019067874040004,0.75867967117040302,0.98562056809029119,5422.9771703487804,16.0382995979047,1114.41014228925,6375.49873223758,3465.4328137327502,853.48091463548496,6870.9961428781398,26669.6032621142,4966.9990700255903,100.641097493054,4068.07630179137,530910.20607536298,2444.0859449081399,12521.447456403301,12508.6319636138,518953.40013236401,12704.125564936699
"2002Q2",7614.1931505534703,8271.7838993935893,8072.7128461560696,138.84041087513901,1410.1011671717999,870.408713642968,2573.42334903134,2624.5272085513402,2509.8057466350801,2608.7197992393199,1633.1503482793501,168144.283562128,7761.1422139399701,5803.3936068099601,1245.8715909647899,8136.7727354813396,20579.2634947634,612953.08247051004,616160.916615917,618599.99473849603,623847.198768134,613451.14348847,781366.76134486997,837417.72276405198,844816.62335425999,1.0246597466095069,0.97372856680042097,1.022309821310037,0.9805283559821778,0.9620832974729282,0.99044532434582599,0.95383544142711651,0.96332303401641495,0.85612198662845296,259.292637895844,0.94786765973699205,0.99243235356400095,0.93280238644577429,0.66976271137755705,0.82562007299473705,0.99908439409956518,5457.3177196970901,13.4299352988285,1110.0397244391099,7004.8036809646501,3936.30293250261,1035.4889512273501,7509.4186965524596,29786.1144177446,4875.91916708392,101.416538020857,4567.0928158175102,534644.09728782205,2613.1893248348201,12924.5772875492,12923.288115179401,522976.58316800999,12936.4219518188
"2002Q3",8096.3514017309499,8332.1008736511794,8254.7810374628207,142.80921130073401,1424.10790862877,871.181840181442,2807.2756367186398,2764.7273903051901,2569.0134541881698,2619.9799057950199,1629.60239672528,167801.63786192,7560.8793683986096,5714.7950918278802,1087.3658050131601,8080.0533449701497,21641.0503998327,613539.61966797395,616919.55687062198,619309.23021342698,624369.04523092404,613962.88609732501,780737.54938176996,837132.68574364297,844664.33313309797,1.0093666731846014,0.96880774784331802,1.0282504142509354,1.0153896715324084,0.9805470066796621,0.97601796247709505,0.93574621918867318,0.94879894027348299,0.79704904453797998,271.69889575334798,0.94317303034593003,0.99535168208355596,0.92247605532054044,0.659512810992953,0.804146591796843,1.0031826850717429,5663.77968224507,12.546881938547701,1122.8093234473299,6867.23617301388,3968.6673404918101,877.37577634209697,7444.3516808982804,31786.316526273,5031.5708359771697,101.722462759545,4711.00718025269,539367.51486471097,2789.4109925088501,13226.0809782916,13273.939976167499,524548.79413555295,13184.1200761412
"2002Q4",8669.0382962277399,8368.0309676790002,8136.9198741899299,147.66619959020699,1415.3051618335101,880.80534443162298,2777.2779122023098,2786.9266187857802,2882.8963136553002,2846.6148364763499,1621.64210592263,169364.58327595101,7892.0081731242199,5816.3864461262001,1302.4286754278401,8425.4772048063205,22565.387749330599,620986.387668674,624359.29981069197,626730.53568447696,631994.32970996003,621229.62696489703,785397.800314505,843198.75206037401,851194.61944570695,1.0284027736615851,0.96905969282470905,1.0321608870997017,0.99653786844675729,1.0127454816556289,0.978227296846919,0.93668381995291816,0.93947363493429303,0.82622703574367695,293.06253258077697,0.94222007932503105,0.99909299997202605,0.9226976742767391,0.659829935033724,0.85459249620647304,0.99864968004931154,5835.7921574750899,12.7959374768699,1126.42313767465,7151.3243462778701,3914.82594385524,1015.31801079617,7750.4523373633401,32305.5485985626,5174.4955948571496,101.170939029468,4573.2040858226201,538484.95607689302,2928.2046346720799,13284.876630623099,13247.7248974507,521706.41496598203,13302.839720498499
"2003Q1",9229.0402100349202,8869.9133339015698,8665.0088329043192,153.224526985084,1405.7741438607,895.34835208067102,2745.6400218529002,2633.0809742994702,2631.6654420435798,2726.2146593706002,1608.68998264468,174654.21864472699,7909.48870689676,5579.6966158329597,1606.3364905891101,8407.1361692615192,23882.737074175999,625759.30082078301,629194.318874327,631524.08571525395,636859.03062531399,624592.89632738603,787845.64394297195,846078.05977239204,854350.819414914,1.0236473505046124,0.96829040502406305,1.0341232468028467,1.0427480387622245,0.96531849867286357,0.974349737035755,0.94080654192514734,0.92833881540917396,0.91685046835952799,336.41554792474,0.975106512810201,0.99795617785587398,0.96597731604829618,0.630587562194319,0.99659229201377697,0.99766958439907061,5886.2493445797199,12.729978498778401,1151.5677915414301,7707.3734673629797,4032.9156827325401,1377.0132053607599,7978.8348435478501,37142.743685100402,5364.3216762524899,100.703054053456,5078.9247402916299,536990.75707714399,3093.8829507048799,13974.359313106999,13962.7391030774,519271.52661671099,14007.001447803201
"2003Q2",9788.0986610089203,8994.1555782183204,8841.2056712102294,158.06092622957101,1462.9321702270099,905.72415887646503,2871.5490751285201,2866.82555449442,3009.9882945834902,3063.4162813584198,1690.1752437852699,168980.50914419899,7697.2422192922604,6135.2804712810203,772.32558213255902,8507.2580446579195,24655.391013172899,608607.951740199,612007.82961977704,614283.53779141395,620179.18603201897,609052.92949161597,759953.58595293399,816781.21488586895,824875.45709474303,1.0172996662102483,0.96641594236259198,1.0365855609411017,1.0016476484335417,0.98255934490521224,0.95655031849470196,0.90478532317774196,0.91484867326271402,0.75156308661989102,247.465744989868,0.91192171543515599,1.00271736181836,0.89528122378691455,0.67200952126278801,0.732861897993488,0.98877577644135772,6195.572311164,13.310682759666699,1162.99229486132,6620.0067046780496,4202.0371278621797,578.27235241216397,7394.3321146358303,35878.068828877498,5526.3322601514201,100.516812801784,4908.7177106220297,537297.68713487405,3211.0586865683199,13967.7501320378,13981.362135395701,518334.14180211897,14126.306959408201
"2003Q3",11468.1259261955,8988.4225319368506,8910.0859448161409,162.02385283807999,1441.6172028086901,913.30459127403503,2812.4367102965298,2819.1117448916698,3082.86079329413,3135.68717154875,1641.35706838233,169563.852870617,8197.3050444095607,6123.4693022257497,1336.30332308026,9117.6363037010397,26511.936773801499,615365.57943273499,618931.55832805601,621306.38400527905,627184.137019919,615755.42832038295,774270.157295821,834917.02373105695,843344.02827115101,1.0087919002808594,0.959382247791431,1.0429106900619924,0.99763222064281931,0.98315317333504015,0.95072933603889997,0.8990603234614768,0.92386843111378503,0.73876202742498998,254.62977142173901,0.92423691523381601,1.0068240184634401,0.89639795360996632,0.68183133996921796,0.76153529733402203,0.98326768851998758,6373.48402578064,12.2702715158423,1169.23886530864,7236.1434766329103,4269.9936717746004,1146.00813227562,8072.4676439650202,38244.557992951202,5632.1902516269602,101.28862860805,5114.0467474581301,544726.34104458604,3372.2273470356299,14288.398203128199,14318.965921359801,522313.50798811601,14531.5445325322
"2003Q4",12824.568569663599,9466.6766227757307,9403.4606465484794,166.318015851165,1439.8004177820501,923.47203159268201,2824.8611819388998,2886.8009872555099,3171.2820352894901,3197.7801898590301,1625.9433044485399,172294.678523165,8608.6594329346208,6431.6930743656003,1391.0135495156501,9539.9087560451408,27583.211934308401,627429.89067712601,630973.022902939,633323.60091218201,639083.936675556,627778.98935283197,788703.45335867896,849767.37020777701,858550.17902183905,1.0067226288919979,0.95669406993927597,1.0403256688400178,0.97854379100254618,0.99171357848373309,0.94741792931281499,0.90238383333379191,0.92344494398230204,0.73450802268869397,274.014174416782,0.94017578118459899,1.0124296884655899,0.92578299873726233,0.68843921444414902,0.78290254437027096,0.98925083277393511,6393.3546503246398,11.406414265176901,1186.1869420748999,7606.1508980307899,4408.2879138876197,1279.5628296284101,8215.9111891289103,40726.638458381603,5681.3208013652902,101.60707178267,5207.3123384307401,545088.64824286802,3528.1439256919898,14613.8762355327,14570.8597799075,523959.62588393298,14772.670137213099
"2004Q1",14257.399467907,9570.6768089945708,9675.3422224177993,169.611594983792,1427.15857806076,935.74434244773795,2893.96237260917,2894.1136324549302,3225.34264998051,3365.2645382494102,1624.14125722933,175370.12723997101,8633.0420644585593,6613.57994806231,1447.7532668454101,9609.4411824566705,29915.011187646,638183.31313651998,641858.52740901196,644248.36501468904,650141.75214944396,636997.41047856805,800587.68692699797,863567.09191800805,872693.74624284403,0.98918225205711918,0.95768039612974198,1.0453154559277715,0.99994773534664849,0.95842172682754778,0.94745252080806996,0.89839168589941953,0.91086524700814597,0.77047849572661398,300.81718631690597,0.95824813995104496,1.02929124312119,0.95142027037390242,0.697168009707541,0.84675758202787799,0.9906494900761118,6445.6200622399701,12.175056482388101,1172.6477106028799,7468.4770128682503,4451.9527468526903,1486.7170699600599,7849.8191024805301,44943.400516007598,5913.4760168171097,102.2237870293,5344.7584430617499,551047.47991059604,3825.96421814517,15005.535022166399,15012.879301000999,527159.02820121695,15147.1687741075
"2004Q2",15970.275202777901,10010.0243153426,9940.5509157260203,174.048509972007,1429.33322386027,941.29898978673305,3051.6541515829499,3007.7180834094402,3521.34871220778,3572.8311586567502,1618.8392837977001,181594.72569148199,9067.7759929729691,7046.2605427235003,1269.1050614329899,10017.332617264001,31343.185759813801,664111.38038155297,668147.86587077705,670634.13362391095,677718.64986064797,664553.67436734703,833250.91010728199,903372.91593151703,913383.31353207899,1.0069888882623872,0.971323970328275,1.0489645176130709,1.0146077747166069,0.98559057392784111,0.956467012630979,0.90520863581443289,0.90598644050361099,0.82804986352302201,320.24238687023302,0.98293992060393098,1.05637566838848,0.96520464170839426,0.68987897820361599,0.90024907683306998,1.003992112020242,6566.21189417817,11.639925147515401,1224.65991062234,7643.7983989303202,4715.8167597253996,1200.76290959983,7919.3552005727397,48144.015819957502,6228.7920689660104,102.141312633965,5545.7114372981896,552502.86528452195,4091.0767091360099,15346.2391909324,15358.655853800999,526712.63518212002,15285.21888489
"2004Q3",17222.174566752001,10415.508873806801,10219.430176379899,179.83378774920899,1436.1309103477099,949.12466194820604,3074.4566325292799,3087.0042819333198,3641.9414569415198,3668.6544098855402,1614.5372010978101,187291.79310277099,9575.3739826024994,7135.2462436552896,1790.40916454685,10608.262943641401,33456.704852568902,683164.67613789602,687301.002821962,689820.60656642006,696468.27250936802,683477.75561096298,859783.237116148,930622.78404812701,941150.79130875203,1.0191868523041623,0.98191778274292496,1.051125601415275,0.9959353313898931,0.99271859653173111,0.96408640227487197,0.90263354457498479,0.89798596623059401,0.83116341645702696,352.66973202361601,1.0035635561245799,1.07991598669264,0.99037128878516634,0.565474980617794,0.97414557877682395,1.0206219875165159,6751.6708646049201,11.2261206320954,1252.83535557662,8404.1521981016194,4907.1382289800003,1697.6615281516199,8485.8600943596903,52434.265263179703,6380.6262916031401,101.951754948827,5645.5268975449399,552611.77635050798,4306.4181484534301,15720.391435555601,15733.7462554128,525733.34300529899,15402.755993732901
"2004Q4",18193.184913035799,10492.7011726038,10249.282108809501,185.724784574246,1452.12006837378,955.255031193832,3076.1603954277598,3144.7703354565201,3504.9830358154099,3509.0563680889099,1623.81749472977,192335.161136657,9746.1670577115001,7131.8332852262301,1922.86682808911,10690.1545522373,35191.581082219302,702169.35281369102,706396.09380215104,709113.44143271504,715671.161208548,702679.99962612905,879037.17717600602,950469.45442529698,961722.13959200995,1.0237498647427292,0.98481600730546803,1.0487122079629203,0.97818284557851487,0.99883919440264834,0.96911833405784598,0.91169561769074359,0.889895664352927,0.90289782433589405,387.569703607804,1.0309129105345201,1.10071870646384,1.029320919410758,0.73828350991393499,1.06699411415429,1.0396463528570294,7246.5438930058799,10.420543662245001,1285.2638543640601,9027.2337230494995,5238.3762653542599,2140.2341104387901,8770.0867171894297,57541.699216758498,6632.4890404796397,102.69553884953601,5984.01616932658,555371.66661783704,4757.20305273545,16447.2137942626,16409.183766969702,529574.90377328906,15820.0081682241
"2005Q1",19669.616171448801,10620.194719523401,10520.1073032312,191.83767479742201,1461.0900093893699,978.57162113530296,3157.6740274676299,3002.5347184053098,3717.0397196170602,3670.4850571359102,1615.41265040487,184422.23054332001,10107.567817952,7336.9785464327197,1958.6425216332,10997.3082046462,37722.367125415702,689862.79992463603,694038.79317698604,696647.45809542004,703703.93759817898,688666.73829226894,863473.24821953801,935921.10688126797,947131.40358080098,1.0095139159142854,0.98857659770762396,1.0555254564109333,1.0516694471878469,1.0126835177793849,0.96985469487239095,0.9190947120752424,0.88952341622419795,0.95097976641269399,400.942876715615,1.04860210268201,1.1173505312365799,1.0214853094010341,0.71176856150205603,1.0906227613755299,1.0469191219214913,7516.9121658506101,9.5350733950469007,1299.4033770799001,9273.9798884983502,5454.37023132391,1860.94454867032,9078.9165572398797,60030.741269927501,6890.0049136255102,101.223524059298,6135.9405378782203,550924.11796168098,4858.8503374469101,16831.309881981699,16856.2774609552,521942.994946772,16076.991555078201
"2005Q2",21862.6418093231,11411.7251893021,11200.083434129099,198.036160428432,1463.8049436051001,981.62979225766298,3325.7684644047599,3144.2019058965402,3852.9129401436298,3764.8688371205899,1604.9721078745099,198832.27738712801,11272.778142236901,7701.47329783842,2708.4396946933498,11922.1289262996,39087.362072044401,726820.282745715,731139.88101500599,733704.82773099304,741681.06855808699,727219.01316758397,913216.11198875203,989020.93202613504,1001532.2452202,1.0188964445146973,0.99456612196275296,1.0532677801841455,1.0577464691970688,1.0233857026186275,0.97301806756572695,0.94553399077657474,0.89334185845759695,1.0821432602496199,414.34334219465802,1.0849046514984,1.1294781327015599,1.0268589075471655,0.69909990184544701,1.1936325386670199,1.0739165921974847,7873.8824377354504,8.7971177558122093,1337.7511307442301,9748.2487260052403,5679.0725353181197,1882.16042814709,9493.2698682924802,65373.3995328194,7188.1746632715103,103.751858193893,6341.2183378756599,563518.15425083705,5225.2136282950996,17595.906950321201,17599.3585284574,535018.885845265,16384.7984826418
"2005Q3",24628.908229784902,11792.8475086955,11479.594653573,202.57136168148801,1477.5678297489401,994.07438094997201,3319.2623559447802,3189.7257795403798,4250.4351741017899,4061.6519218967201,1598.6816422561899,204509.346834475,12010.597570054901,8432.2591433552607,2663.9711139431902,11940.1043650879,42039.064663726203,746962.86004829104,751523.65792106197,754210.60401618003,761828.71585224196,747152.24559128203,943333.63507299696,1023364.64827837,1036693.54542917,1.027287797572626,1.0033575447980201,1.0557776630962674,1.0406105682298075,1.046479426557289,0.98337384928046401,1.00590390191003,0.91804095402928398,1.32262372965092,463.061689037512,1.1339939497051601,1.15585906789558,1.0742175765335624,0.75283919154503298,1.3728375791851599,1.0909568208316542,8285.4458996904395,7.6050936720464799,1367.36482288618,10539.078999691799,6155.9162714922504,2198.45525977029,9810.9351679952906,69216.958519309293,7456.1590264633196,103.373654360606,6652.9885861804796,562799.88866880897,5498.8199521435199,18316.640444877401,18311.062641036198,533066.67524892697,16789.519158892399
"2005Q4",29643.4678441629,12381.7797636538,11804.5073518626,206.664099023696,1492.9078050431001,1009.71627682923,3591.1559538663801,3231.3471599691502,4443.5013276256304,4158.0580550885297,1606.68255375331,213266.590677019,13053.340275389601,9015.9665848285895,3227.1198212925001,12783.2369605735,44292.980529831802,770124.03757841,775024.48567142803,778049.23998539895,786417.52369817498,770845.98815852497,971822.33734205505,1056139.06518365,1070212.5160342101,1.0489027110225073,1.0132509342372,1.0580314460754345,1.1113494700769524,1.0686482172099021,0.99173015158448696,1.021129492917104,0.93025339755749903,1.3793981615297699,466.42854174224698,1.1663338796443301,1.18934840799902,1.1183934018107129,0.76887237298285205,1.4699355591543799,1.1108607844316085,8572.0937398219194,6.9701531411282103,1426.37662811725,11753.104831998,6564.9461091174398,2988.7615685556998,10508.9182509208,73233.898132918795,7773.7071645453998,103.771584002214,7004.7882103459697,566178.97149046697,5956.4190144225404,19071.676997034701,19043.858824799099,535124.89972826396,17168.377229909202
"2006Q1",33051.879409856199,12024.4559902357,11497.3498686115,212.692078700959,1498.6181017372801,1021.2608222671,3649.2040017272798,3265.2699785049199,4746.57438083946,4360.6731888676604,1591.7625078752001,223345.65607830801,14058.8823236363,9510.0586462470001,3535.43168119337,13344.336657448201,45377.187055104703,807308.89582790504,812286.30292596703,815370.26122363796,824419.06845547503,805980.27118982002,1024906.72660482,1115589.96474875,1130855.15524579,1.0458458799330126,1.02120020323287,1.0588175443394534,1.1175810961267445,1.0884957838521274,1.00357549766828,1.05354673555761,1.0074097459881599,1.26244565689384,489.744858259708,1.18710387415661,1.2200382933127001,1.1209539261383994,0.97654955684761902,1.2282753338968,1.1149105142346245,9330.41579785252,5.9771343625489903,1469.5114268648299,12265.898787358199,6896.8608616579404,2830.0534078406399,10942.375508343401,80208.777643437395,8171.5481342665398,104.76250528220601,7058.1954474624299,572013.52020321297,6346.3996955562598,19497.034785698099,19545.058021671801,540238.04503547901,17487.5333372227
"2006Q2",36855.800507239197,13066.8842052457,12262.5355912292,216.756337813627,1494.6989458645401,1022.6826289970101,3560.1451654509701,3190.2264862010902,4983.2018707038296,4534.5505507401303,1587.1415753372301,226941.29262188601,13936.813035294899,9787.0070054727494,3180.9758848668398,13131.8715197562,50018.951251210201,813949.81811234995,818890.67536791903,821951.28617439605,831706.64361236303,814309.93502990401,1035478.1249586,1126618.71345864,1142171.98348683,1.0655939881301395,1.03055727233756,1.059158335609812,1.1159537358397327,1.0989406369922308,1.00742095430259,1.061296785787746,1.0230024052486899,1.2629342870143301,493.30767620913002,1.19424392068852,1.24260558913126,1.1170859728779055,0.99233376814631702,1.21032145584833,1.1287289457805747,9712.3371928920806,5.8294426707254399,1529.6057768621899,12375.718474039901,7149.1797930413604,2690.1346950905499,11078.572978726799,83405.152432190298,8440.3045336782106,105.45549268193,6961.8575075635899,575975.99115013599,6555.0798283724398,20082.029967033999,20067.781120059899,543805.37053368601,17791.720538491401
"2006Q3",37918.545838420301,13901.5028908595,13047.8479286695,221.59371251112901,1496.09150943503,1030.6222090256599,4376.0369621126301,3286.2513582010602,5230.1656579985602,4668.9338096609099,1591.0146325982601,231618.06825179499,14658.2589923212,10593.6066675437,3023.90437706082,13820.902532918401,53029.8921489145,826807.03397966397,832022.146915233,835069.46112014598,845102.00506336696,826850.41205809999,1034441.34341012,1130510.3138625701,1146744.1521097501,1.0654249625575647,1.0427547775281101,1.0618486737760116,1.3316196739461019,1.1202055696691084,1.00852383996669,1.0605862357692197,1.02732445494861,1.2087362361628999,491.29460183721898,1.1994751067340099,1.2720735005200701,1.1258993712389034,1.02638687330319,1.1814755941056301,1.1760097207375593,10301.0314560272,6.0061441545284797,1636.5495063931501,12117.4523415609,7548.1767618049698,2188.0341890176501,10762.464791349201,85104.581695958797,9154.7608062948693,106.31215091621,7223.5981558930798,582127.06362789695,6853.6943762921901,21132.1434196054,21109.776241469899,548220.36134189495,17969.361177007901
"2006Q4",41027.137316207001,14143.066904585799,12956.363509237,225.39495642121699,1506.7528674915,1039.3227869766099,4307.7921958474399,3308.96579794232,5726.28997814595,5111.4878888478597,1582.1854416921799,238834.89561163099,14726.4389226936,11305.341805066801,2243.6926298234298,13957.583064988699,58632.6276557046,846393.13417797,852061.97088138806,855163.76646310498,865615.37929289904,847404.88447899197,1057632.19306464,1159169.2000227801,1176396.3835503999,1.0915923202141373,1.05522010109301,1.0643861776801757,1.3018545548359066,1.1202784986812653,1.00642708154115,1.055085171560505,1.0390825912450099,1.16032988952948,468.39948343216099,1.1826975127035599,1.3070108431668499,1.1200733956641298,1.0384645270875801,1.05283690660653,1.1866984356434223,10945.7050628672,4.6995370192486003,1701.1796234503399,12139.903561417899,8048.2367453340703,1421.3468380593399,10838.4893422272,85516.011305535605,9570.22161510763,107.72753893897701,7370.8568970185397,591290.24890441902,7080.9652304105502,21846.2956108939,21830.399331874101,555522.29191207001,18409.306825325799
"2007Q1",45500.319696430299,14860.337353883,13586.642038600299,229.13202415845299,1521.5065672176299,1051.01322978141,4211.0237069520399,3369.4001157254002,6628.1690368190202,5651.0020124738403,1593.88827862619,239821.66492303601,16070.358864272001,12703.8937278799,2317.5562130296498,15037.569344801001,62898.616398992599,859549.315783703,865418.98469353304,868647.36452534795,879952.39522232697,863878.51926072198,1074668.8915095599,1180787.20826474,1199149.78339477,1.0937461450492383,1.0648731254058399,1.0765198004616015,1.2497844014721433,1.1729192490443665,1.0042354140015,1.0686806155828681,1.0529247963425601,1.1994303879895101,467.84943660840497,1.2000815336381101,1.3514921458151701,1.1436329131362095,1.0189651407834699,1.11870881423343,1.2129604084680354,11701.1367563808,4.6612939929624302,1775.03603984756,12846.174228685501,9067.7385667681792,1261.7937381228701,11232.7776519278,87113.299120798503,9896.8882044920902,108.37843409262,7587.9787328546499,601645.81178060803,7384.6185587277596,22847.764668414598,22921.737383427,558880.39543966402,18836.364739448702
"2007Q2",49782.145234880001,15283.3334066689,13795.363784585399,234.017719268386,1537.52476077708,1070.6738324425701,4332.0740628867998,3340.15559272165,6843.0040507650901,5729.5240108544303,1607.7141526836599,238785.31294117399,16783.157390927499,12896.2030654358,2577.7263798070799,15443.1773994217,67161.413439800803,865390.13728313404,871417.84271273005,874740.87855444103,886796.43333210098,871609.52553105901,1078367.9529471199,1185931.1751657701,1204774.2791687101,1.1078601220901563,1.0804567462718799,1.078764645000134,1.2969677437561846,1.1943407581155436,1.00574670303758,1.0867684127980022,1.0659446370924399,1.23686809086622,472.422342211189,1.2484093130659599,1.4141560686174599,1.1701734137007895,1.0810206173310799,1.15961190102954,1.2449884857705982,12788.3326274514,4.3020561028834097,1840.80652877746,13268.3639335361,9135.7531526671992,1607.0491549552901,11338.801393182899,91975.591840789697,10533.3199938951,108.04743505564601,8030.24808103536,601055.88765260496,7956.4002870977401,24130.230624625001,24101.2586088309,557170.54729072098,19381.890596112102
"2007Q3",54981.606307220398,15852.8718102312,14017.802613469599,241.26113240043799,1543.0904342660101,1078.0119082454401,4525.4805392425897,3348.9814319263801,6862.7585103420697,5614.6413333291302,1610.4636693917,242416.15414141599,16831.395371756,12980.8535392553,2607.2451447997801,15330.809934765501,71679.479539044201,887174.74537706503,893493.20002095203,896955.47338753205,908954.81570087397,893637.05815440603,1108481.233609,1220551.6296862699,1240776.6984428,1.1309099041670265,1.1044434579001201,1.0835632033734874,1.3513005763783741,1.2222968668726848,1.00119087104494,1.0978803757515536,1.0761802419767901,1.2701297532222799,487.826610169015,1.2635443493241401,1.45733391529029,1.1574932247890197,1.1178332840968599,1.1282995852297399,1.2555669659946922,13955.8416403275,4.0969004014332198,1926.24073909135,13858.2325713719,9401.2584301318493,1788.30647921693,11972.6252167894,96242.849321261805,11199.3247611267,108.84558634415799,8104.9927571815097,608188.02582930098,8365.1555610506493,24850.081129076501,24795.3022972365,561285.23369547096,19791.920146122698
"2007Q4",58747.377460074502,17148.124369025099,14549.976877844399,251.06398362986201,1534.3974742585399,1084.6477559054699,4718.2755101062503,3424.7871333339399,7069.9422315458896,5678.3782521713802,1599.8103362107299,244958.16267856999,16841.238653180899,12940.492047830299,2450.85626306637,14721.2583938238,78452.4560148889,900890.42441023001,907293.60074881394,910943.06510180805,923547.214089758,908661.14501292096,1123131.7898969101,1239944.84295596,1261066.11149451,1.1785671216520599,1.13831240632761,1.0843470807206059,1.3776843133351571,1.245063628658831,1.00981033196027,1.1440080869884413,1.0893684530326599,1.4815377770615099,595.92660827143095,1.38346150112855,1.5106730221309601,1.2176185197898746,1.16610436528921,1.33020978918605,1.2991849041001216,15441.8432292653,4.0992617779466798,2019.89376938394,13321.8248364503,9753.8648130527708,1034.9320679319001,10940.8855236115,116939.981916859,11891.491480979301,109.420102542937,8135.8588968638796,611842.03190388205,9266.8782581186806,26025.388781669099,26027.550424628302,564249.25448896002,20032.089889233699
"2008Q1",63140.461947312397,18240.965075266598,15053.0980700214,258.60384503868102,1524.16845046711,1088.2589920549401,5049.6474431943698,3488.6764807120699,7391.23653261046,5723.8792175867802,1595.1203149984001,254311.94205185599,21121.6554070124,14531.1383493949,5200.0886244766098,17775.430205002998,88826.998161680502,926292.68427126098,932964.26775446802,936614.49891128705,950312.64256424899,934763.087117697,1146642.4121874601,1271322.7295677001,1293399.3734184001,1.2117748114319344,1.1774625347935701,1.0893825149407497,1.4474393000074606,1.2912984798667095,1.02167879885589,1.1882500262113256,1.0974140461711099,1.7340252758588699,668.55030664917501,1.4599073795808499,1.5599679483228099,1.3255898944457454,1.17583315741334,1.51020978224584,1.3671237295205565,16837.686739176501,4.5742206958410296,2195.0263703440801,16362.660143146901,10360.122500698801,3186.01614620398,12343.6820178751,132550.645133226,12297.511603815699,110.69450626983701,9446.1619573739208,621842.32669131004,9734.3658062116792,27688.413360522001,27796.268657639001,570820.91750401503,20253.0413031688
"2008Q2",67227.824406076601,18404.909939380599,14846.0203454324,268.85610576093598,1519.1564831958301,1081.79478563522,5234.3336203230701,3526.1755554092701,7262.2412990256298,5590.12612796132,1595.9014417073599,258196.25613937201,20699.524900342301,13754.151979354499,5003.10385773096,17298.030664954302,95567.281587409103,934305.13891078695,941179.415060231,944833.25234439003,959239.27674166299,944787.99874894798,1154190.5925695801,1281479.1072449,1304432.1606819299,1.2397201075534794,1.21075950857225,1.0942950759838173,1.4844222977762491,1.2991193995964665,1.0302780984336499,1.196640548353253,1.1116409943149901,1.82802953926148,765.400355365981,1.52039858354397,1.5815459951970301,1.345856175395659,1.2286085690258,1.6007705916764301,1.3876115164053733,17657.636217272,4.7336951135319598,2256.2205664674998,17316.306388628102,10749.298875963101,3675.4693516718398,12866.386992308,138127.79374533301,12715.871061927801,111.627657696044,9697.4598129637307,629910.96570473898,10439.485487218,28277.186616347899,28231.6599394488,575631.72815926501,20378.316468286699
"2008Q3",70185.707443581996,18335.143467152298,14689.7818398567,277.28300141269102,1520.0286582299,1072.73586828406,5455.38353139025,3516.7813044442801,7127.4114726199396,5443.3622837635203,1620.4487168876101,265117.74011558399,20584.365111892999,13372.308682371,5395.5184571173904,16975.4567894434,100935.77712048699,954938.59953335905,961845.82991671702,965886.49812350003,980108.88933305198,966280.23781084898,1173124.3507204,1302461.8630013401,1325577.87511506,1.2481562808104412,1.23414934113771,1.0984584836919826,1.5512433271002921,1.3093766501413302,1.0358454584152199,1.21259565307803,1.1329274071491799,1.79331775715702,748.29767056547303,1.5792824362509701,1.58943855540238,1.3359565726354883,1.28096237186142,1.5623973344433399,1.3908069330465944,18779.416790331801,6.1863671092656602,2289.7957434661698,17788.071027616599,10950.225870050001,3914.5984834091,13314.8572281249,145139.82136934399,13248.723748279899,110.349264028424,9268.9342235873501,625066.08484264906,10937.1411602959,28269.594000177902,28186.107434649799,569039.33477919502,20326.0375890223
"2008Q4",70040.396784312295,17739.914406027499,14099.9824199795,285.53247798097101,1516.9754323693501,1046.3829642896601,5523.562511262,3525.89619496257,6010.9556786169996,4661.0987354573999,1645.8009665346101,245025.10956776101,16890.6156766235,11024.9910125487,4497.4306178602101,14608.3170765223,82792.040690338705,870382.629224626,876463.55244752404,879849.43381611095,892791.75149515201,881336.10295887198,1068153.16277713,1180743.74561966,1200680.7755821201,1.2581515265501508,1.2449901095583,1.1085708383310757,1.5665698040553451,1.28960058985473,0.99489118176455205,1.156232821901791,1.12599185108697,1.4364240119504901,474.15463261991403,1.4497991860483801,1.54949458806528,1.2521574419335559,1.25112637984182,1.12041801539007,1.390583089994613,19862.990918482599,7.7105841920068103,2285.35604244668,15121.230408568001,9704.2430280295794,2764.7597083555102,12076.1414676561,107308.319022817,12745.4874139192,107.55130163345299,7842.6984210547198,614827.77914586803,10461.854100791799,27237.8687936971,27263.321344161399,554612.98266827501,19587.372368955399
"2009Q1",69345.690300916394,16637.638397651499,12780.2576036054,294.153885655615,,,5464.4056315382304,3557.73013784453,4511.5668018717297,3593.6115031292502,,223909.89834282899,12697.139042320699,8285.8003431447796,3176.60919273232,11902.375748494,59708.728223210099,775255.88767882204,780774.13441305805,783696.837061167,794835.46238782199,792748.34613264201,944038.43880487804,1040297.09945719,1057264.0195907401,1.3018233993153554,1.2789764888269499,1.1071073849496738,1.5359247103685245,1.2554408838971995,0.96765664724038702,1.0667735005700236,,,397.906958860641,,1.4954742684312099,1.1571417876021781,,,1.3348820452376664,20105.9765294709,,,12174.7947898891,8011.5577281597598,2170.1229959601601,10521.437321106199,75659.208064930805,12879.128498198799,103.35925980064199,4460.2439160153899,590086.16988589498,,23407.796887776101,23496.072123267299,532998.13361169002,17535.479611315401
"2009Q2",,,,,,,,,,,,,,,,,,,,,,,,,,,,,,,,,,,,,,,,,,,,,,,,,,,,,,,,,,
"2009Q3",,,,,,,,,,,,,,,,,,,,,,,,,,,,,,,,,,,,,,,,,,,,,,,,,,,,,,,,,,
"2009Q4",,,,,,,,,,,,,,,,,,,,,,,,,,,,,,,,,,,,,,,,,,,,,,,,,,,,,,,,,,
