"Rodiklis","1995K1","1995K2","1995K3","1995K4","1996K1","1996K2","1996K3","1996K4","1997K1","1997K2","1997K3","1997K4","1998K1","1998K2","1998K3","1998K4","1999K1","1999K2","1999K3","1999K4","2000K1","2000K2","2000K3","2000K4","2001K1","2001K2","2001K3","2001K4","2002K1","2002K2","2002K3","2002K4","2003K1","2003K2","2003K3","2003K4","2004K1","2004K2","2004K3","2004K4","2005K1","2005K2","2005K3","2005K4","2006K1","2006K2","2006K3","2006K4","2007K1","2007K2","2007K3","2007K4","2008K1","2008K2","2008K3","2008K4","2009K1"
"y_n",5138.4530000000004,6091.6999999999998,7473.9170000000004,7252.3630000000003,6739.0110000000004,7730.3680000000004,9365.6039999999994,8904.6599999999999,8281.1859999999997,9755.4040000000005,10996.539000000001,10964.513000000001,9684.8600000000006,11237.817999999999,12093.306,11682.606,9744.5580000000009,11364.232,11479.352999999999,11078.522999999999,10398.785,11567.797,11711.582,12058.602999999999,10977.262000000001,12260.321,12503.898999999999,12895.446,11407.288,13126.055,13678.773999999999,13857.915000000001,12679.932000000001,14129.200999999999,14815.562,15334.73,13524.311,15478.355,16365.040000000001,17330.143,15057.674999999999,17736.007000000001,19145.614000000001,20121.066999999999,17335.285,20250.705000000002,22205.947,23000.864000000001,20222.903999999999,24384.835999999999,26195.071,27335.913,24461.045999999998,28604.243999999999,29854.577000000001,28578.811000000002,20652.482
"y_r",7968.1800000000003,8741.4410000000007,10027.188,9605.5599999999995,8377.8590000000004,8899.2479999999996,10846.92,10067.146000000001,8783.8400000000001,9876.5609999999997,11733.359,11037.538,9720.0149999999994,10904.707,12439.808999999999,11470.004000000001,9931.0949999999993,10983.923000000001,11902.01,11063.841,10498.370999999999,11247.788,12232.528,11758.08,11213.298000000001,11851.424999999999,13032.654,12720.143,11745.528,12812.463,14084.379999999999,13525.705,12973.234,13970.682000000001,15481.272000000001,15088.351000000001,14002.710999999999,15117.085999999999,16364.603999999999,16256.898999999999,14784.942999999999,16214.209999999999,17831.339,17728.067999999999,15969.603999999999,17625.938999999998,19124.784,19059.562000000002,17084.508999999998,19214.584999999999,21141.518,20745.429,18287.933000000001,20211.703000000001,21765.029999999999,20279.919999999998,15796.648999999999
"C_n",3691.643,4007.328,4422.0039999999999,4953.7910000000002,4768.009,5105.2290000000003,5489.8149999999996,6133.7690000000002,5647.4049999999997,5819.4970000000003,6405.8559999999998,6927.0209999999997,6329.4880000000003,6551.0100000000002,7216.2389999999996,7388.2299999999996,6389.326,7154.3720000000003,7464.0529999999999,7441.2529999999997,6777.4179999999997,7319.1350000000002,7547.3069999999998,7803.6580000000004,7430.5280000000002,7666.299,7976.5720000000001,8350.8700000000008,7774.6220000000003,8284.3829999999998,8500.8680000000004,8670.7659999999996,8324.4830000000002,9041.6919999999991,9187.5190000000002,9803.8220000000001,8936.7150000000001,10092.732,10662.723,10870.243,9874.9040000000005,11522.376,12097.74,12816.963,11165.832,13200.513999999999,14263.517,14638.724,13809.083000000001,15425.624,16273.953,17729.165000000001,16986.042000000001,18563.021000000001,18811.766,18336.164000000001,15520.110000000001
"C_r",4887.0709999999999,5330.8000000000002,5907.7079999999996,6675.8429999999998,5566.5079999999998,5767.723,6169.1499999999996,6777.7780000000002,5998.5870000000004,6089.5640000000003,6558.0519999999997,6999.866,6160.8860000000004,6388.4560000000001,7078.5919999999996,7243.6040000000003,6263.7370000000001,7033.1819999999998,7286.2020000000002,7383.5730000000003,6792.6130000000003,7320.3540000000003,7551.0069999999996,7783.5439999999999,7214.1300000000001,7527.5550000000003,7839.1639999999998,8112.0820000000003,7575.0510000000004,8033.0690000000004,8432.1119999999992,8456.3549999999996,8146.5410000000002,8840.8040000000001,9100.1200000000008,9804.3729999999996,9008.6290000000008,9980.6700000000001,10472.912,10687.314,9730.0709999999999,11281.856,11776.375,12306.916999999999,10632.384,12329.253000000001,13407.539000000001,13490.897999999999,12605.308000000001,13842.032999999999,14376.466,15176.353999999999,14000.289000000001,14857.463,15055.550999999999,14730.785,11884.075999999999
"G_n",1077.9480000000001,1347.5699999999999,1372.652,1834.7950000000001,1444.8579999999999,1856.222,1932.0039999999999,2018.0,1798.8699999999999,2607.567,2303.547,2342.5509999999999,2413.6170000000002,2813.6860000000001,2431.4380000000001,3229.194,2321.71,2804.5129999999999,2111.5590000000002,2493.7159999999999,2497.8989999999999,2697.7860000000001,2376.4549999999999,2840.9470000000001,2387.502,2827.7669999999998,2415.46,2794.2750000000001,2456.788,2773.127,2581.7350000000001,3082.1860000000001,2444.4740000000002,3090.9459999999999,2579.9830000000002,3193.0900000000001,2518.7060000000001,3296.9409999999998,2802.7139999999999,3539.9859999999999,2698.453,3591.375,3013.0509999999999,4199.8450000000003,3070.0859999999998,3840.52,3959.6559999999999,5095.9380000000001,3513.5160000000001,4653.1440000000002,4096.5720000000001,5621.4399999999996,4189.5450000000001,5609.5820000000003,4941.4290000000001,6598.3779999999997,4521.3860000000004
"G_r",1886.463,2112.808,2342.8589999999999,2613.5479999999998,1909.704,2255.634,2629.5450000000001,2396.2950000000001,2025.8130000000001,2763.0070000000001,2685.1700000000001,2342.2919999999999,2417.337,2619.8000000000002,2520.4259999999999,2869.4589999999998,2396.0900000000001,2508.5120000000002,2276.0909999999999,2386.4920000000002,2573.1500000000001,2578.9499999999998,2529.75,2731.2370000000001,2507.6100000000001,2695.6590000000001,2622.105,2855.5149999999999,2433.277,2629.4160000000002,2713.1390000000001,3019.8119999999999,2467.7399999999998,2849.7280000000001,2762.817,3154.3330000000001,2712.0230000000001,2972.7379999999998,3017.6179999999999,3451.826,2824.431,3093.4380000000001,3108.8499999999999,3550.951,3090.6750000000002,3128.989,3192.4760000000001,3634.893,3209.268,3267.6759999999999,3247.5039999999999,3757.2849999999999,3338.6770000000001,3444.134,3406.8609999999999,3866.0819999999999,3413.0940000000001
"I_n",1251.6130000000001,1219.848,2066.8389999999999,1555.684,1155.723,1371.212,2386.3980000000001,2147.0050000000001,1684.2260000000001,2383.9160000000002,2879.5479999999998,3265.5880000000002,1833.0429999999999,2993.2080000000001,3882.6489999999999,2701.4580000000001,1709.0360000000001,2733.357,2767.201,2625.4659999999999,1610.884,2278.5740000000001,2189.7739999999999,2560.123,1636.606,2246.46,2285.5659999999998,3210.9749999999999,1716.1400000000001,2794.0160000000001,2926.5450000000001,3337.8470000000002,1910.9580000000001,3044.489,3667.3780000000002,3838.527,2942.415,3496.431,3741.759,4053.547,3084.9560000000001,4158.1819999999998,5246.6289999999999,4738.5079999999998,4619.1909999999998,4843.6769999999997,6308.4549999999999,6032.2950000000001,5779.3440000000001,8015.6049999999996,8577.0769999999993,7577.9319999999998,7636.2299999999996,8061.0739999999996,8593.3529999999992,5419.3180000000002,1125.4159999999999
"I_r",1357.1479999999999,1324.146,1468.588,1072.424,1203.0519999999999,1423.393,1805.404,1865.577,1533.6130000000001,2126.2570000000001,2556.444,2649.5070000000001,1632.806,2751.0709999999999,3572.29,2482.3829999999998,1690.9870000000001,2635.5039999999999,2861.5900000000001,2589.6619999999998,1631.777,2106.7579999999998,2484.21,2416.6120000000001,1932.0360000000001,2193.4989999999998,2756.5140000000001,3104.596,2125.2220000000002,2790.4760000000001,3276.9659999999999,3260.3850000000002,2508.1909999999998,3372.982,4479.1800000000003,3937.904,3634.6149999999998,4231.9229999999998,4847.9650000000001,4428.2269999999999,3646.7939999999999,4064.6080000000002,4933.1999999999998,4269.7240000000002,4008.998,3994.163,5340.8310000000001,5156.585,4382.5110000000004,5945.1639999999998,6573.7269999999999,5655.2960000000003,5448.2560000000003,5997.7550000000001,6609.9589999999998,4378.0230000000001,1573.7239999999999
"X_n",2619.0419999999999,3146.9549999999999,3464.8159999999998,3546.2370000000001,3730.1680000000001,3976.0410000000002,4524.567,4648.152,4522.4660000000003,5137.5410000000002,5451.5590000000002,5799.3059999999996,5136.4570000000003,5461.3689999999997,5121.3389999999999,4596.5280000000002,3933.7939999999999,4255.5889999999999,4472.6189999999997,4310.9920000000002,4861.5829999999996,4940.0029999999997,5469.7889999999998,5194.5,5486.6589999999997,6185.8490000000002,6256.04,6285.308,5916.8940000000002,7135.8190000000004,7122.7849999999999,7268.5389999999998,7138.3810000000003,6748.9830000000002,7524.2190000000001,7725.8180000000002,6892.7629999999999,7803.0190000000002,8748.098,9191.6380000000008,8511.6560000000009,9961.3449999999993,10984.816999999999,12000.072,11204.916999999999,12641.511,12655.168,12415.545,11697.105,13538.544,14526.365,13609.823,14860.433000000001,17687.012999999999,18695.305,15415.225,11037.584999999999
"X_r",3223.4079999999999,3582.7550000000001,4072.3400000000001,4217.6120000000001,4062.4789999999998,4093.5030000000002,4868.5569999999998,4946.5529999999999,4576.0699999999997,5122.0680000000002,5650.4250000000002,6007.9889999999996,5443.6360000000004,5883.0069999999996,5811.1700000000001,5213.777,4543.8199999999997,4838.7979999999998,4933.8500000000004,4375.7049999999999,4926.3389999999999,5016.7960000000003,5438.8379999999997,5083.902,5543.8639999999996,6123.9639999999999,6404.5900000000001,6735.8500000000004,6513.6729999999998,7627.3819999999996,7636.5640000000003,7854.2089999999998,7543.241,7516.4809999999998,8244.491,8368.5380000000005,7406.1329999999998,8058.4989999999998,8647.3259999999991,8953.7540000000008,8542.5560000000005,9674.1810000000005,10025.25,10687.869000000001,10286.860000000001,11316.628000000001,11025.069,10980.476000000001,10538.921,11622.224,12291.275,11041.227000000001,11573.564,13216.512000000001,13678.057000000001,12165.599,9864.9889999999996
"M_n",3504.8130000000001,3634.0279999999998,3858.3919999999998,4645.71,4364.0609999999997,4582.4970000000003,4972.5770000000002,6049.8580000000002,5376.7079999999996,6199.3320000000003,6053.5119999999997,7381.4229999999998,6032.9009999999998,6586.8289999999997,6568.5309999999999,6246.3969999999999,4617.5280000000002,5598.21,5355.1040000000003,5814.3010000000004,5370.9870000000001,5695.1899999999996,5900.5010000000002,6369.4189999999999,5983.585,6686.5240000000003,6452.366,7775.1300000000001,6488.3360000000002,7898.8500000000004,7492.9350000000004,8540.2420000000002,7173.777,7835.3699999999999,8181.5600000000004,9265.5720000000001,7804.6379999999999,9256.9629999999997,9638.9200000000001,10373.207,9145.9040000000005,11532.799999999999,12232.450000000001,13672.902,12759.751,14318.492,15030.73,15234.34,14623.960999999999,17303.674999999999,17340.617999999999,17269.026999999998,19266.709999999999,21373.849999999999,21248.275000000001,17252.811000000002,11602.731
"M_r",3451.4929999999999,3638.181,3877.8600000000001,4580.643,4207.9870000000001,4485.4070000000002,4730.3339999999998,5726.3699999999999,5178.8549999999996,6044.8159999999998,5798.0550000000003,6909.4409999999998,5759.0609999999997,6698.3739999999998,6673.0839999999998,6270.067,4919.5429999999997,6073.991,5507.616,5762.1440000000002,5375.7489999999998,5804.9989999999998,5814.4719999999998,6340.8770000000004,6003.8950000000004,6709.7209999999995,6612.2299999999996,8116.924,6951.3789999999999,8293.6499999999996,7978.5450000000001,9077.1409999999996,7701.5699999999997,8648.3619999999992,9056.6440000000002,10239.369000000001,8793.6180000000004,10189.493,10616.853999999999,11359.547,10091.373,12136.347,12070.807000000001,13384.294,12304.163,13409.325999999999,14044.701999999999,14452.564,13918.476000000001,15808.816000000001,15638.889999999999,15123.455,16498.999,17727.014999999999,17345.683000000001,14954.798000000001,11067.646000000001
"X_no",1987.0733,2333.6268,2511.4920000000002,2698.8375999999998,2052.5055000000007,1948.7378999999996,2258.3986000000004,2371.8279000000011,2226.0783000000001,2426.4673000000003,2689.6877000000004,2818.6916999999994,2603.7180999999996,2624.6225000000013,2532.0390999999991,2429.1303999999991,2202.0405999999989,2202.7405000000012,2370.4096000000004,2516.5723000000007,2622.3138000000017,2632.9630999999995,2857.5317999999993,2906.7926999999986,2991.9664999999995,3165.4513000000015,3263.1262000000011,3459.7416999999987,3278.0623000000005,4007.1003999999994,4022.5551000000014,4025.6515999999988,3774.5180999999998,4298.2313000000022,4304.0897999999979,4581.3313000000016,4143.2931000000008,4808.6410000000033,4944.1113999999998,5465.2707000000009,5094.8160999999982,5744.6807000000035,6222.3868000000002,6846.1694999999982,6460.7811999999994,7196.7414000000008,7676.652199999995,8361.5459999999985,8491.7257000000045,9184.7516000000032,9615.7482,10109.435699999998,9663.3241000000016,10819.577800000003,11238.469199999994,10052.111199999992,7442.6401999999998
"X_o",224.7629,281.89510000000001,397.63159999999999,384.74610000000001,379.488,407.57509999999996,565.06919999999991,637.98820000000001,562.21669999999995,784.3288,572.45259999999996,721.13310000000001,761.35390000000007,741.65069999999992,693.36430000000007,554.74330000000009,369.56849999999997,579.7906999999999,476.7706,296.76299999999998,864.46130000000005,638.62469999999996,878.14440000000002,792.36419999999998,1063.3386,1247.1591000000001,1006.9243,919.45630000000006,788.57269999999994,1114.665,904.42489999999998,976.40980000000002,1277.0762,623.31610000000001,1200.5826999999999,1203.4858000000002,1377.5188999999998,1306.3248000000001,1789.059,1984.9367999999999,1725.3711000000001,2050.4816000000001,2339.5676000000003,2743.7795000000001,2614.1228999999998,2938.2852000000003,2349.8022000000001,1290.4023999999999,1163.1521,1757.2313000000001,1946.8608000000002,923.47519999999997,2917.8323,4067.7806,4296.3924000000006,2421.8772000000004,1981.3230000000001
"M_no",2264.0700000000002,2517.3200000000002,2628.5100000000002,3194.1399999999999,2649.2909999999997,2781.8707000000009,2991.3168000000001,3825.3854999999985,3422.5360000000014,4027.8971999999985,3985.9934000000017,4842.6502000000019,4191.7542999999987,4834.6413999999995,4536.6495000000004,4594.6607999999978,3531.8419000000013,4138.1455999999989,3790.6735999999987,4200.2426000000014,3482.5783999999976,4035.7239,3958.7025000000021,4651.6853000000019,4064.9513999999981,4610.5523999999996,4655.6294000000007,5745.3585000000021,4824.9521000000004,6001.8738999999978,5566.6040000000003,6381.3598999999995,4989.3898000000008,6340.2856000000029,5993.2799000000032,7016.9130000000041,5940.0481000000018,7256.3295999999955,7030.4097999999985,7722.7554999999993,6635.3847000000005,7886.0999000000011,8382.1504000000041,9675.928100000001,8675.2978000000021,9950.5805999999975,10609.930300000004,12058.698400000001,11655.240399999991,13045.143300000005,13074.033000000001,13744.836700000002,13372.757700000002,13883.330500000007,13495.091700000008,11690.606699999993,7636.1980999999978
"M_o",828.09000000000003,620.50999999999999,674.09000000000003,889.35000000000002,776.26099999999997,625.67600000000004,833.45280000000002,1048.2731999999999,941.90170000000001,1002.1908000000001,841.55600000000004,1033.3911000000001,1010.4669,830.53459999999995,716.57389999999998,740.65390000000002,559.61279999999999,791.96590000000003,775.91700000000003,719.27740000000006,1286.4583,1031.6229000000001,1234.2665,1195.8318000000002,1417.0193999999999,1364.7245,1103.1403,1279.8959,1019.9959,1252.9235000000001,1070.9621999999999,1360.1083999999998,1536.7208999999998,775.68100000000004,1354.3422,1431.3728999999998,1351.6008999999999,1296.9539,1864.0127,1921.5160000000001,1797.0082,2811.9078999999997,2875.0686000000001,3088.3503999999998,3185.2417,3402.2293999999997,3318.9005000000002,2073.7078999999999,2060.7683000000002,2822.4246000000003,2893.5131000000001,2207.5597000000002,4590.6744000000008,5557.1462999999994,6012.9715999999999,3990.6172999999999,2815.0026000000003
"p_y",0.64487160179614422,0.69687594985769497,0.74536520109127302,0.75501719837260928,0.80438343495635345,0.8686540705461856,0.8634344127180803,0.88452675663986591,0.9427751416237089,0.98773287584615743,0.93720297827757593,0.99338394123762019,0.99638323603410084,1.0305474507476449,0.97214563342572236,1.0185354774069826,0.98121687487633558,1.0346241502239226,0.96448860318551233,1.0013270255781874,0.99051414738534205,1.0284508385115367,0.95741305476676608,1.0255588497441759,0.97895034984355178,1.0345018426054251,0.95942844795848947,1.0137815274560986,0.97120265687502516,1.0244755438513267,0.97120171423946244,1.0245613814584897,0.97739175906331455,1.0113465470046485,0.95699901145073862,1.016329087254134,0.96583518720053574,1.0238980581310446,1.0000266428689628,1.0660177565229383,1.0184466047654022,1.0938557598550902,1.0737059062137735,1.1349836316061062,1.0855175244170112,1.1489149599349007,1.1611083816685197,1.2067886974527535,1.1836982848029172,1.2690795039289164,1.2390345385794908,1.3176836690145093,1.3375511601010348,1.4152317595404997,1.3716763542251034,1.4092171468132026,1.307396397805636
"p_c",0.75538968023996378,0.75173107225932312,0.74851431384218725,0.74204725905028024,0.85655297719863155,0.88513768778424351,0.8898819124190529,0.90498228180385965,0.94145587952629495,0.95565084790963684,0.97679249874810392,0.98959337221598243,1.0273665183871281,1.0254449588445158,1.0194455338010724,1.019966027960667,1.0200501713274359,1.0172311764433226,1.0244092875821997,1.0078119360369295,0.99776301108277465,0.99983347799846833,0.99950999912991745,1.0025841698845668,1.0299964098234993,1.018431482732441,1.0175283997120101,1.0294360929783501,1.0263458292228,1.0312849298319235,1.0081540662647746,1.0253550140693006,1.0218426446267195,1.022722820232187,1.0096041590660343,0.99994380058775822,0.99201720927790449,1.011227903537538,1.0181239945489851,1.0171164616291801,1.0148850917942942,1.0213191871975675,1.0272889577650168,1.0414438482034127,1.050172002817054,1.0706661628243008,1.0638430363693143,1.085081511994235,1.0954974682094241,1.1144045097999695,1.1319856354127642,1.1682097689603181,1.2132636690571172,1.2494071834471336,1.2494903706945033,1.2447513150181746,1.3059584943751623
"p_g",0.57141221428673672,0.63780996664154999,0.58588758435740274,0.70203225653402967,0.75658740831039784,0.82292694648156572,0.73472939234734524,0.84213337673366595,0.88797435893638743,0.94374245161159565,0.85787752730739575,1.0001105754534447,0.99846111650961378,1.0740079395373692,0.96469327010592665,1.1253668374421799,0.96895776035123882,1.1179986382365321,0.92771290778795767,1.0449295451231346,0.97075529992421727,1.046079218286512,0.93940310307342623,1.0401686122441955,0.95210259968655409,1.049007682351514,0.9211911803684445,0.9785537810167344,1.0096622784828855,1.0546551021215356,0.95156753855957987,1.0206549281875825,0.99057194031786189,1.0846459732297258,0.9338233404528784,1.0122869081989758,0.92871852487976692,1.1090587196046204,0.92878356372476567,1.0255401054398454,0.95539703395126307,1.1609655664668244,0.96918506843366514,1.1827380890358667,0.99333834841903457,1.2273996488961769,1.2403087760095926,1.401949933601897,1.0948029270226107,1.4239918523133874,1.2614524878183369,1.4961441572837832,1.2548518470040677,1.6287351189007164,1.4504345789276405,1.7067351390891348,1.3247176901661661
"p_i",0.92223766309938204,0.92123376123176748,1.4073647612536668,1.450624006922635,0.9606592233752157,0.96334041266185799,1.3218083044016742,1.1508530604740519,1.0982079572877903,1.1211796128125622,1.1263880609158659,1.2325266549588283,1.1226336747905139,1.0880155401296441,1.0868795646490066,1.0882518934427121,1.0106736479937457,1.0371287617093352,0.96701519085543353,1.0138257425100266,0.98719616712332625,1.081554692090881,0.88147700878750179,1.0593852054032671,0.84708877060261811,1.0241445289010846,0.82915087679583699,1.0342650058171821,0.80751093297547261,1.0012686007691878,0.89306541477696144,1.02375854385295,0.76188695358527325,0.90261050903918261,0.81876102322300059,0.97476398612053516,0.80955341900036182,0.82620383215857196,0.77182054738431483,0.91538825809968638,0.8459364581602361,1.023021654240704,1.0635346225573665,1.1097925767567176,1.1522058629113807,1.2126888662280433,1.1811748021983843,1.1698236332766745,1.3187289204750425,1.3482563306916344,1.3047510187143456,1.3399708874654837,1.4015916285872028,1.3440152190277861,1.300061467854793,1.2378459409646774,0.71512920944206226
"p_x",0.8125071353052421,0.87836176350322581,0.85081697500699838,0.84081631975629811,0.9181999463874152,0.97130526104414727,0.92934456759980422,0.93967496153381969,0.98828601835199215,1.0030208501722351,0.96480512527818707,0.96526574865566495,0.94357098821449481,0.9283295090418896,0.88129223547065394,0.88161192931726851,0.86574600226241361,0.87947234003155328,0.9065170201769408,0.98521084031030437,0.98685514740256397,0.98469281987946078,1.005690737617116,1.0217545499500187,0.98968138468043232,1.010105382722694,0.97680569716406507,0.93311282169288201,0.90838057114626425,0.93555285417722633,0.93272118193470255,0.92543233825328564,0.94632811015848495,0.89789131376770592,0.91263596503410582,0.92319805442718905,0.93068312437813361,0.9682968255006299,1.0116535446911568,1.0265680741284606,0.9963828156350395,1.0296835463384444,1.0957150195755716,1.1227749891021306,1.0892456006983666,1.1170740082646526,1.1478538592366179,1.1306927859957983,1.1098958802329004,1.1648841047978424,1.1818436248477071,1.2326368255991837,1.2839979975053493,1.338251196684874,1.3668099935539089,1.2671159882879586,1.1188644001529042
"p_m",1.0154483871182702,0.99885849549541372,0.99497970530137747,1.0142047743078866,1.0370899434812892,1.0216457503187559,1.0512105487688608,1.0564909357935306,1.03820400455313,1.0255617375284873,1.0440590853312015,1.0683097228849627,1.0475494182124483,0.98334745118740752,0.98433213188984281,0.99622492072253777,0.93860913503551058,0.92166912990157546,0.97230889008965049,1.0090516654911783,0.99911416995101521,0.98108371767161373,1.0147956684631039,1.0045012700924492,0.99661719600359422,0.99654277726301899,0.97582298256412747,0.95789119129364775,0.93338832482015444,0.952397316018882,0.93913551907020643,0.94085153023402424,0.93146942766215202,0.90599468431131824,0.9033765708357312,0.90489677635408972,0.88753434593133329,0.90848121687703198,0.90788853270469771,0.91317083330875781,0.90630918111935821,0.95026946741058071,1.0133912339083875,1.0215631844309456,1.0370271427646074,1.0678010214681932,1.0702064023857538,1.0540925471770961,1.0506869430245092,1.0945585678269643,1.1088138608302762,1.1418704918948743,1.1677502374537994,1.2057218883156582,1.2249892379562108,1.1536639277909337,1.048346775818453
"p_mio","NA","NA","NA","NA",0.68708400000000003,0.67602300000000004,0.68172100000000002,0.68367599999999995,0.71824500000000002,0.70302600000000004,0.70189900000000005,0.70317300000000005,0.66305899999999995,0.57151300000000005,0.52186999999999995,0.49621300000000002,0.48339700000000002,0.58444200000000002,0.74932200000000004,0.89788900000000005,0.972881,0.94243900000000003,1.0288440000000001,1.05158,0.92920999999999998,0.94972199999999996,0.91161499999999995,0.80437499999999995,0.74883999999999995,0.85037799999999997,0.82067299999999999,0.847248,0.86646999999999996,0.74998900000000002,0.76457900000000001,0.75437600000000005,0.72035199999999999,0.82839300000000005,0.86565700000000001,0.92552100000000004,0.88361000000000001,1.085755,1.384687,1.4074329999999999,1.169827901234568,1.2694719039780522,1.2730255473251026,1.1751576995884774,1.1107439477477477,1.248121145945946,1.3424825999999999,1.4887498198198199,1.6084989459459458,1.8488750324324326,1.8973416216216217,1.4362494126126126,
"p_mino","NA","NA","NA","NA",1.26124796833773,1.19139355582937,1.24862176391631,1.23542721505395,1.2277941544708399,1.2175386995790001,1.1814752228741201,1.2002583504087501,1.21087349057339,1.1581879981119401,1.1497019663296799,1.20037164166064,1.1280299831198599,1.07602254475971,1.052624998864,1.0471134936845301,1.03329636907018,1.00613068512252,1.0008878884608701,0.99346349924961497,1.02031476082976,0.99703574108567194,0.97962970901039503,0.98259698482691604,0.96386158254298504,0.95842284258829802,0.94532258811457504,0.94201730240889803,0.93284025758924005,0.91167020916147101,0.92125522596524501,0.92404859793092697,0.91533395670517803,0.90395796287635499,0.89599672999324997,0.88858095306478502,0.89410289534865395,0.892709049331746,0.91656632838560403,0.92618470937436304,1.0137178163355407,1.0234362119205296,1.0260273236203086,1.0322452079470197,1.0601046560196561,1.0677826867321865,1.07490521007371,1.0804508071253069,1.1055075823095821,1.1142408632268632,1.1314356646191646,1.1161260397215396,
"p_xio","NA","NA","NA","NA",0.70357800000000004,0.69704100000000002,0.733931,0.77874399999999999,0.79635599999999995,0.76442299999999996,0.795292,0.79411100000000001,0.70281400000000005,0.64187099999999997,0.58364199999999999,0.52215599999999995,0.50888800000000001,0.56800899999999999,0.75272700000000003,0.91414600000000001,0.95432700000000004,0.96852199999999999,1.0481259999999999,1.166466,0.91586299999999998,0.990255,0.89766299999999999,0.72624200000000005,0.72329699999999997,0.83740899999999996,0.82516699999999998,0.86432100000000001,0.93969800000000003,0.74493900000000002,0.78541000000000005,0.79496199999999995,0.79015400000000002,0.91397899999999999,1.0119260000000001,1.0858110000000001,1.0088299999999999,1.2095229999999999,1.442429,1.4888999999999999,1.1282761300813009,1.2281478807588075,1.2544251246612468,1.056997650406504,1.0232533193473194,1.1813000466200467,1.2092928041958044,1.3189710046620045,1.3809666433566432,1.6373095431235434,1.679326407925408,1.1017113846153845,
"p_xino","NA","NA","NA","NA",0.84105347671695796,0.79578730403585096,0.79220167889155801,0.83565955572849904,0.77391248394694401,0.76016149801723398,0.73017991112825897,0.765730911382007,0.78068450038204995,0.70675412742249599,0.73748411452186102,0.74415042012346899,0.68795583594016296,0.67924190085384695,0.65648999196914903,0.73133637343590197,0.71984410319688197,0.67073526476683498,0.68474427124759396,0.72148299931180404,0.74416726999804805,0.70654462871784396,0.66824379515711696,0.68417086821294903,0.65675852338317597,0.67342300238383701,0.63846290481067502,0.66693014700624798,0.63975686926976805,0.67860433779499796,0.66012899820854398,0.69017282620134301,0.71005232905765403,0.69862423885473102,0.54852242183917699,0.73397589683113296,0.72830837127513404,0.707670656454084,0.73353323480886101,0.75878681114174396,1.0028693934571173,1.0019350839964631,1.0068211061007957,1.0179836003536691,1.048355912874368,1.0895132049786076,1.1022017541812523,1.1392076798910931,1.2093435410346167,1.2377232882147025,1.2661003632827694,1.2205144690781795,
"p_cpi",0.60445233333333337,0.63826500000000008,0.67085933333333325,0.72918299999999991,0.79450399999999988,0.82597066666666663,0.83073033333333324,0.84233999999999998,0.87822,0.88872299999999993,0.90295700000000001,0.9161459999999999,0.93538633333333332,0.94678400000000007,0.94255966666666668,0.94304133333333329,0.95247666666666664,0.95111900000000005,0.94660633333333333,0.94498166666666672,0.96040099999999995,0.9590236666666665,0.95504299999999998,0.95797166666666655,0.96102100000000013,0.97241066666666665,0.97342166666666674,0.9779796666666668,0.98576333333333355,0.97685633333333344,0.9652940000000001,0.96785399999999999,0.96926900000000005,0.96980633333333333,0.95636700000000008,0.95613566666666661,0.95756733333333344,0.97447233333333327,0.97942799999999997,0.98494666666666664,0.98774466666666672,0.99739899999999992,1.0009576666666669,1.0138993333333333,1.0203800000000001,1.0330956666666666,1.0400929999999999,1.0559953333333332,1.0644940000000001,1.083045,1.1012496666666669,1.1388436666666666,1.1776813333333331,1.2137043333333333,1.2304113333333333,1.2452223333333332,1.2797173333333334
"p_ppi","NA","NA","NA","NA",0.80761666666666665,0.81588166666666662,0.84309866666666666,0.88168666666666651,0.88769633333333331,0.87209766666666666,0.89404299999999992,0.89482533333333336,0.87391999999999992,0.85206066666666669,0.83979399999999993,0.82688233333333327,0.80822133333333324,0.82836500000000002,0.87590166666666658,0.93721066666666675,0.98613333333333342,0.98967966666666674,1.0062146666666667,1.0179720000000001,0.99014866666666668,0.99329833333333339,0.96410733333333321,0.93194733333333335,0.9293486666666666,0.95324033333333336,0.94574466666666679,0.94087233333333342,0.96721499999999994,0.91669333333333325,0.92971466666666669,0.9385646666666666,0.94821100000000003,0.98638633333333314,1.0148936666666666,1.02779,1.0347396666666666,1.0878623333333333,1.1530753333333332,1.1586336666666666,1.1693193333333334,1.1995043333333335,1.2239866666666666,1.1693913333333334,1.1817803333333332,1.2571673333333335,1.2901426666666667,1.3641533333333333,1.4376983333333337,1.5341819999999999,1.6119526666666666,1.4276136666666668,
"p_sski",0.66094750000000002,0.68940566666666658,0.74575266666666662,0.77262533333333339,0.79843233333333341,0.82334933333333327,0.85571366666666659,0.87051400000000001,0.88854433333333349,0.91343733333333332,0.93230099999999994,0.9410179999999998,0.94782200000000005,0.96856533333333328,0.98029633333333333,0.98256300000000008,0.98027199999999992,0.99680333333333337,0.9992793333333333,0.98759533333333327,0.9750009999999999,1.001007,1.013266,1.0107263333333334,0.98886099999999999,0.99584666666666655,1.0056383333333334,0.98829533333333341,0.97804166666666659,0.99457233333333317,1.0035693333333335,1.0020653333333334,0.98487033333333329,1.0046653333333335,1.0149173333333332,1.0150849999999998,1.0169743333333334,1.0579603333333334,1.087947,1.1033883333333334,1.1055896666666667,1.1304779999999999,1.1639359999999999,1.1916553333333333,1.2084946666666667,1.2435156666666667,1.2808693333333334,1.309245,1.3383786666666666,1.415834,1.4677366666666669,1.5129409999999999,1.5438239999999999,1.5842033333333334,1.6012459999999999,1.5518416666666668,1.4789653333333335
"p_oil",164.63,171.13333333333301,153.95666666666699,159.63999999999999,175.29333333333301,182.68666666666701,196.37666666666701,215.636666666667,197.15000000000001,173.64666666666699,177.02000000000001,182.30000000000001,143.71666666666701,137.77000000000001,136.23333333333301,126.81333333333301,123.76000000000001,159.28999999999999,208.44333333333299,239.24000000000001,263.06999999999999,264.93000000000001,301.65666666666698,303.13,270.816666666667,286.62333333333299,269.17333333333301,215.09,229.16,261.71333333333303,281.886666666667,285.47666666666697,329.23000000000002,250.67666666666699,263.95999999999998,265.52333333333303,294.44,326.01333333333298,365.803333333333,373.93666666666701,390.76333333333298,424.71333333333303,481.40333333333302,449.13333333333298,472.10333333333301,510.64999999999998,512.77666666666698,448.98333333333301,446.13333333333338,494.20999999999998,510.61666666666662,568.86000000000001,633.16666666666663,806.02666666666664,783.58333333333337,451.84666666666664,375.70999999999998
"y_misr",1878.4069999999999,2203.0479999999998,3308.2840000000001,2735.8009999999999,2377.6709999999998,2783.1149999999998,3918.0230000000001,3215.0970000000002,2821.4259999999999,3291.21,4301.857,3727.0300000000002,3175.424,3667.665,4315.2719999999999,3466.9760000000001,2740.5650000000001,3512.0100000000002,3738.6999999999998,3291.5970000000002,2941.3899999999999,3596.1579999999999,4037.8229999999999,3980.1729999999998,3386.8960000000002,4129.3990000000003,4663.9279999999999,4568.9160000000002,3410.3539999999998,4555.1090000000004,5215.2430000000004,4861.2749999999996,4255.4790000000003,4845.5299999999997,5643.1289999999999,5620.0119999999997,4451.3090000000002,5440.7479999999996,6209.4799999999996,6542.6300000000001,5064.2950000000001,6210.4200000000001,7317.6490000000003,7711.335,5749.8720000000003,6846.0159999999996,7990.7089999999998,8101.7259999999997,6100.223,7954.3410000000003,9018.2759999999998,8904.3340000000007,7525.9380000000001,9654.6900000000005,10355.851000000001,8562.5930000000008,3532.8270000000002
"y_du",2056.4609999999998,2488.8440000000001,2589.8229999999999,2884.7330000000002,2684.732,3114.5709999999999,3407.4879999999998,3536.3000000000002,3307.8629999999998,3941.9189999999999,4034.8699999999999,4378.6440000000002,4008.0039999999999,4772.1390000000001,4840.3440000000001,5077.7780000000002,4378.6599999999999,4989.2730000000001,4648.4610000000002,4814.3990000000003,4257.7030000000004,4693.1419999999998,4396.5069999999996,4686.0910000000003,4361.049,4820.9359999999997,4523.7520000000004,4819.5209999999997,4664.5280000000002,5075.9160000000002,4961.1869999999999,5360.2139999999999,5021.5569999999998,5742.8019999999997,5570.2830000000004,5911.8720000000003,5502.1959999999999,6446.9769999999999,6335.1409999999996,6955.9589999999998,6361.1750000000002,7394.6090000000004,7440.7169999999996,8221.4249999999993,7484.3680000000004,8625.5529999999999,9192.3860000000004,10183.157999999999,8999.7950000000001,10725.231,11297.332,12684.802,11137.753000000001,12931.942999999999,13397.370000000001,13597.394,11647.868
"l",1945.997625,1966.46642045454,1979.4000000000001,1972.7576700228999,1970.05090017614,1953.9078937823101,1937.8,1882.67531408489,1861.4381678050199,1835.89147859735,1827.9000000000001,1807.0432036039499,1762.1111259622801,1713.8,1716.68077257287,1718.3,1729.6876926775001,1715.7,1716.9555511220999,1695.3,1694.14788743851,1687.0999999999999,1695.9157802063601,1655.9000000000001,1654.77646384578,1650.7,1644.84910012914,1620.9000000000001,1635.5999999999999,1639.0,1637.8,1608.8,1606.7,1697.2,1649.5999999999999,1613.9000000000001,1620.8,1625.4000000000001,1623.0999999999999,1613.3,1610.8,1610.0,1608.5999999999999,1597.5999999999999,1586.0,1590.5999999999999,1602.4000000000001,1574.2,1587.2,1609.8,1623.7,1591.8,1587.8,1597.5,1634.8,1637.0,
"e",1630.8,1632.5222808272199,1634.1177662554401,1620.25375469337,1607.90687764467,1612.30308023919,1620.4000000000001,1583.2727470945999,1573.0475958243901,1568.05872431834,1570.7,1545.8665085669199,1495.6744164822201,1481.3,1503.5351388275701,1497.4000000000001,1488.6249408768099,1487.5999999999999,1475.3963948692301,1425.5,1411.9902301905399,1419.4000000000001,1420.85039379609,1376.3,1361.28574730332,1372.9000000000001,1363.70232589073,1330.7,1355.7,1425.5999999999999,1443.3,1398.9000000000001,1387.9000000000001,1478.7,1459.0,1426.3,1410.0,1442.0999999999999,1451.4000000000001,1441.7,1445.7,1473.4000000000001,1492.2,1484.3,1484.3,1502.0,1511.5,1498.0999999999999,1507.7,1543.8,1560.2,1525.0,1510.3,1525.0999999999999,1537.5999999999999,1507.0999999999999,
"u",16.1972255747229,16.981939592445698,17.4437826485077,17.868586734499701,18.3824703462782,17.4831584759023,16.3793993188151,15.903037807441599,15.4928902269525,14.5887029490237,14.0707916187975,14.453262352341,15.1203125361669,13.566343797409299,12.416148485536301,12.8557295000873,13.936779039431,13.2948650696509,14.0690395913284,15.914587388662801,16.654842197665801,15.867464880564301,16.219283387810901,16.885077601304399,17.735973586448999,16.829223965590401,17.0925572574615,17.9036337837004,17.100000000000001,13.0,11.9,13.0,13.6,12.9,11.6,11.6,13.0,11.300000000000001,10.6,10.6,10.199999999999999,8.5,7.2000000000000002,7.0999999999999996,6.4000000000000004,5.5999999999999996,5.7000000000000002,4.7999999999999998,5.0,4.0999999999999996,3.8999999999999999,4.2000000000000002,4.9000000000000004,4.5,5.9000000000000004,7.9000000000000004,
"e_sal",1176.367,1083.2909999999999,1060.662,1042.23,1135.0519999999999,1075.191,1058.181,1053.422,1025.827,1051.2339999999999,1026.1469999999999,1015.893,1012.009,1011.731,1018.866,984.50199999999995,1029.008,1036.367,1023.1369999999999,982.71100000000001,901.101,904.48900000000003,898.83500000000004,881.55200000000002,857.63099999999997,869.649,875.90300000000002,866.846,854.65499999999997,875.45799999999997,876.68299999999999,877.62300000000005,887.94899999999996,911.89800000000002,918.05799999999999,918.17999999999995,930.322,948.45299999999997,953.02800000000002,947.88599999999997,975.14700000000005,989.40999999999997,997.73800000000006,1000.197,1019.246,1031.0450000000001,1034.4069999999999,1028.1949999999999,1049.8679999999999,1079.5730000000001,1082.2429999999999,1072.066,1087.492,1090.9549999999999,1077.0350000000001,1033.798,
"w_b",409.69999999999999,468.19999999999999,511.30000000000001,577.5,582.89999999999998,612.79999999999995,654.60000000000002,697.29999999999995,713.39999999999998,795.20000000000005,845.89999999999998,915.70000000000005,916.70000000000005,994.29999999999995,1029.8,1060.5999999999999,1018.1,1063.5,1076.5999999999999,1078.9000000000001,1028.5,1065.5,1057.5,1073.2,1041.0999999999999,1066.7,1067.7,1087.0999999999999,1088.9000000000001,1113.4000000000001,1127.4000000000001,1145.0999999999999,1125.4000000000001,1163.8,1174.9000000000001,1207.9000000000001,1145.9000000000001,1222.0999999999999,1260.8,1310.2,1269.8,1331.5,1379.0999999999999,1453.4000000000001,1437.0,1519.7,1653.5,1731.3,1737.8,1826.3,1949.8,2052.0,2151.3000000000002,2236.8000000000002,2319.9000000000001,2319.0999999999999,
"mea",368244.40000000002,374408.90000000002,359832.59999999998,382652.70000000001,384913.59999999998,384082.0,375530.29999999999,403228.09999999998,398862.09999999998,424720.79999999999,422832.5,450613.79999999999,451362.0,459811.5,448387.59999999998,467834.09999999998,458479.70000000001,485295.09999999998,490395.0,536425.40000000002,556465.19999999995,581698.40000000002,587162.80000000005,648093.40000000002,633706.80000000005,636723.59999999998,606087.80000000005,613899.90000000002,594784.19999999995,618515.59999999998,601351.09999999998,632446.19999999995,621058.59999999998,613659.0,603744.59999999998,639059.30000000005,632976.59999999998,669312.80000000005,671128.5,714970.40000000002,683895.69999999995,732187.69999999995,734614.40000000002,784176.09999999998,799858.19999999995,819565.09999999998,813950.30000000005,861783.19999999995,856962.5,876937.69999999995,880570.80000000005,923840.69999999995,926958.19999999995,950355.40000000002,952843.69999999995,895813.90000000002,785967.19999999995
"mea12",374886.29999999999,381089.0,366261.40000000002,389616.59999999998,392145.09999999998,391364.90000000002,382799.09999999998,411217.0,406964.0,433387.0,431463.29999999999,459721.09999999998,460368.90000000002,468872.40000000002,457325.79999999999,477434.40000000002,468337.59999999998,495959.79999999999,501344.90000000002,548424.5,568930.30000000005,594640.69999999995,600245.30000000005,662513.5,633706.80000000005,636723.59999999998,606087.80000000005,613899.90000000002,594784.19999999995,618515.59999999998,601351.09999999998,632446.19999999995,621058.59999999998,613659.0,603744.59999999998,639059.30000000005,632976.59999999998,669312.80000000005,671128.5,714970.40000000002,683895.69999999995,732187.69999999995,734614.40000000002,784176.09999999998,799858.19999999995,819565.09999999998,813950.30000000005,861783.19999999995,851307.09999999998,870856.5,874251.40000000002,917260.80000000005,917047.19999999995,939761.09999999998,941822.30000000005,886090.40000000002,767255.5
"mea13",376786.0,383298.20000000001,368243.79999999999,391783.0,394108.40000000002,393588.5,384911.40000000002,413396.0,409081.59999999998,435868.0,433833.0,462151.5,462856.79999999999,471461.5,459803.79999999999,480092.40000000002,470735.20000000001,498929.40000000002,503850.09999999998,551273.69999999995,571773.5,597709.0,603409.80000000005,665747.80000000005,636761.59999999998,640030.80000000005,609290.80000000005,617120.30000000005,597943.30000000005,621837.30000000005,604673.19999999995,635903.5,624359.19999999995,617147.59999999998,607267.0,642696.90000000002,636511.19999999995,673423.69999999995,675240.30000000005,719304.5,687919.09999999998,736564.40000000002,739171.30000000005,789202.30000000005,804647.5,824558.69999999995,819171.5,867602.59999999998,856962.5,876937.69999999995,880570.80000000005,923840.69999999995,923480.5,946684.80000000005,948733.59999999998,892345.40000000002,772573.5
"mea15",378259.90000000002,384861.29999999999,369821.29999999999,393362.70000000001,395658.79999999999,395240.0,386576.20000000001,415098.59999999998,410659.40000000002,437675.20000000001,435629.40000000002,463872.79999999999,464541.29999999999,473265.90000000002,461667.20000000001,481938.20000000001,472404.70000000001,500898.59999999998,505841.20000000001,553454.30000000005,573874.30000000005,600209.5,605935.0,668450.90000000002,639019.30000000005,642527.90000000002,611781.80000000005,619420.80000000005,600125.59999999998,624341.5,607114.30000000005,638298.30000000005,626552.59999999998,619477.5,609693.69999999995,645076.90000000002,638763.69999999995,675960.09999999998,677821.5,722059.90000000002,690384.59999999998,739171.5,741927.40000000002,792275.90000000002,807569.0,827656.80000000005,822291.40000000002,870761.59999999998,860026.69999999995,880287.59999999998,884104.30000000005,927567.80000000005,926958.19999999995,950355.40000000002,952843.69999999995,895813.90000000002,775351.0
"mea16",380197.5,386941.90000000002,371859.79999999999,395631.70000000001,398169.0,397764.79999999999,389175.90000000002,418137.5,413607.29999999999,440946.20000000001,438695.79999999999,467027.0,467827.70000000001,476914.70000000001,465147.20000000001,485469.5,475230.09999999998,504057.70000000001,508862.40000000002,557032.30000000005,577445.59999999998,604041.80000000005,609842.5,673219.19999999995,643428.5,647338.59999999998,616454.5,624554.09999999998,604633.5,629341.0,612133.80000000005,644111.59999999998,631638.80000000005,625112.0,615516.40000000002,651439.30000000005,644370.80000000005,682755.80000000005,684407.90000000002,729328.59999999998,697094.09999999998,746832.59999999998,749476.80000000005,801469.80000000005,816172.0,837074.19999999995,832235.69999999995,882132.90000000002,870792.40000000002,892098.90000000002,895939.40000000002,941154.19999999995,940016.40000000002,964640.30000000005,966808.80000000005,909686.30000000005,785967.19999999995
"meu15",460569.5,471390.09999999998,458307.40000000002,483003.20000000001,485231.09999999998,491566.0,481714.09999999998,517125.5,511804.70000000001,550643.80000000005,552621.40000000002,582962.5,581055.80000000005,594790.19999999995,582009.09999999998,599431.40000000002,589622.09999999998,625613.59999999998,639931.30000000005,694537.40000000002,717532.0,754579.80000000005,767333.40000000002,836808.80000000005,795084.90000000002,805597.19999999995,770088.59999999998,776201.90000000002,757127.19999999995,789087.5,769325.5,798640.59999999998,778025.19999999995,767647.30000000005,763215.19999999995,801866.69999999995,790602.0,841185.5,848523.09999999998,892966.40000000002,852946.69999999995,920991.19999999995,932421.19999999995,987252.59999999998,1011604.1,1043218.6,1024695.4,1073813.8999999999,1059926.3,1085961.6000000001,1099515.8,1140390.6000000001,1130042.7,1161965.8,1164373.7,1084548.6000000001,930063.0
"meu25",481304.09999999998,494024.90000000002,480467.09999999998,507880.70000000001,509935.09999999998,518035.09999999998,508837.5,546584.19999999995,541009.5,582948.5,584938.40000000002,618467.80000000005,616843.5,632575.30000000005,619222.5,637686.5,623598.59999999998,663492.59999999998,677978.90000000002,737498.30000000005,760776.09999999998,802257.09999999998,816689.5,893143.59999999998,845899.69999999995,859629.0,822779.30000000005,833139.40000000002,809778.09999999998,846131.59999999998,825105.19999999995,859238.0,832948.19999999995,825539.40000000002,823289.69999999995,865783.30000000005,850079.80000000005,912508.59999999998,918862.30000000005,967472.80000000005,921636.40000000002,998028.19999999995,1011994.7,1074876.6000000001,1098020.8,1135563.1000000001,1120346.7,1178874.7,1161721.7,1194656.2,1211161.3999999999,1260954.5,1250188.5,1290316.2,1293296.8999999999,1200642.8,1022796.0
"meu27",484320.40000000002,497488.79999999999,483714.09999999998,511788.5,513393.40000000002,521623.09999999998,512115.40000000002,550373.69999999995,544355.19999999995,587185.90000000002,589027.59999999998,623048.40000000002,621060.69999999995,636967.69999999995,623233.09999999998,641872.69999999995,627127.69999999995,667708.0,682290.5,742532.09999999998,765699.19999999995,807808.80000000005,822548.09999999998,900679.19999999995,852391.90000000002,866975.5,829803.59999999998,840352.80000000005,816210.09999999998,853709.19999999995,832514.5,867710.69999999995,840672.0,833814.69999999995,831600.0,875066.59999999998,858623.5,922702.09999999998,929296.59999999998,979293.30000000005,932185.69999999995,1010726.0,1025264.7,1089587.5,1112450.0,1151304.3999999999,1136591.2,1196786.8999999999,1179142.3999999999,1213706.7,1231442.6000000001,1282820.0,1271203.6000000001,1313494.0,1316504.8999999999,1221266.0,1038908.9
"y_n_de",460229.5,481105.5,487238.79999999999,501168.5,464209.59999999998,474179.90000000002,488657.09999999998,494293.09999999998,453898.40000000002,476425.40000000002,482365.79999999999,494525.29999999999,467989.79999999999,479991.0,495099.0,509105.29999999999,481420.0,494870.0,510190.0,525520.0,500930.0,510690.0,521210.0,529670.0,513010.0,521430.0,532610.0,546110.0,516660.0,528970.0,546300.0,551250.0,523000.0,531800.0,552000.0,557000.0,537300.0,547100.0,560100.0,566400.0,537900.0,558500.0,570100.0,576700.0,559000.0,571400.0,589200.0,601900.0,588200.0,596800.0,615100.0,622800.0,608000.0,625600.0,632100.0,625700.0,577100.0
"y_r_de",454729.70000000001,465506.29999999999,471900.0,475251.59999999998,455245.29999999999,469064.09999999998,479737.5,481851.59999999998,457771.90000000002,482160.90000000002,488090.59999999998,491854.70000000001,477932.79999999999,485667.20000000001,496495.29999999999,498815.59999999998,482315.59999999998,493504.70000000001,506962.5,515676.59999999998,503662.5,514851.59999999998,521245.29999999999,522843.79999999999,513510.90000000002,520265.59999999998,526298.40000000002,528000.0,508096.90000000002,521503.09999999998,531248.40000000002,527175.0,508767.20000000001,516707.79999999999,529237.5,528825.0,517120.29999999999,525164.09999999998,532331.30000000005,534084.40000000002,512737.5,533517.19999999995,539343.80000000005,539343.80000000005,531196.90000000002,542540.59999999998,554245.30000000005,559968.80000000005,549450.0,556050.0,567496.90000000002,568785.90000000002,560793.80000000005,574767.19999999995,575334.40000000002,559246.90000000002,523204.70000000001
"y_index_de",88.189999999999998,90.280000000000001,91.519999999999996,92.170000000000002,88.290000000000006,90.969999999999999,93.040000000000006,93.450000000000003,88.780000000000001,93.510000000000005,94.659999999999997,95.390000000000001,92.689999999999998,94.189999999999998,96.290000000000006,96.739999999999995,93.540000000000006,95.709999999999994,98.319999999999993,100.0,97.680000000000007,99.849999999999994,101.08,101.39,99.590000000000003,100.89,102.06,102.39,98.540000000000006,101.13,103.02,102.23,98.670000000000002,100.2,102.63,102.55,100.28,101.84,103.23,103.56999999999999,99.439999999999998,103.45999999999999,104.59,104.59,103.01000000000001,105.20999999999999,107.48,108.59,106.55,107.83,110.05,110.3,108.75,111.45999999999999,111.56999999999999,108.45,101.45999999999999
"m_de",110580.3,113263.2,113786.60000000001,115578.0,112748.3,113221.39999999999,115965.7,119128.7,116818.10000000001,124430.7,128471.7,130397.10000000001,128915.10000000001,133738.70000000001,135160.70000000001,134968.60000000001,130470.0,141480.0,147890.0,154210.0,155470.0,163730.0,173240.0,188700.0,172470.0,175220.0,174440.0,170960.0,157280.0,167800.0,169770.0,173130.0,169200.0,168430.0,171560.0,176190.0,170140.0,180630.0,189600.0,196620.0,179310.0,197210.0,207260.0,218070.0,217420.0,224490.0,235070.0,244240.0,233560.0,235830.0,246280.0,250550.0,247730.0,254740.0,269460.0,250640.0,218150.0
"m_ru",16795.0,19666.0,22051.0,24296.0,20627.0,21915.0,22227.0,21988.0,19402.0,21931.0,24300.0,26375.0,21870.0,22086.0,17865.0,12651.0,11797.0,13353.0,13253.0,14484.0,13181.0,14345.0,16127.0,17439.0,15306.0,18809.0,19634.0,20587.0,17067.0,20477.0,22643.0,24275.0,21105.0,24384.0,27842.0,29861.0,26251.0,30938.0,35176.0,38305.0,32872.0,38573.0,44237.0,48497.0,39143.0,49476.0,55825.0,64553.0,53648.0,66691.0,75465.0,86743.0,75104.0,95168.0,106288.0,91650.0,50300.0
"cpi_ru",14.9922,19.140999999999998,22.549700000000001,25.682300000000001,28.4847,30.3447,30.948699999999999,31.909700000000001,33.673699999999997,34.833599999999997,35.458199999999998,35.691600000000001,36.824100000000001,37.366399999999999,43.413400000000003,60.703200000000002,74.609200000000001,81.019999999999996,86.044200000000004,89.517300000000006,93.566900000000004,97.067499999999995,102.154,107.212,114.33333333333333,120.76666666666667,123.56666666666666,127.23333333333333,134.69999999999999,139.53333333333333,142.06666666666669,146.33333333333334,154.40000000000001,159.13333333333333,161.26666666666665,164.66666666666666,170.86666666666667,175.30000000000001,179.03333333333333,183.86666666666667,193.23333333333335,199.40000000000001,201.73333333333335,204.63333333333333,214.19999999999999,218.19999999999999,220.73333333333335,223.19999999999996,230.73333333333335,235.53333333333333,240.36666666666665,248.63333333333333,260.40000000000003,270.56666666666666,276.26666666666671,282.80000000000001,296.16666666666669
"x_ru",21095.0,23388.0,23154.0,25350.0,23384.0,25114.0,25883.0,28584.0,23219.0,23721.0,25760.0,28275.0,20773.0,21880.0,22732.0,21431.0,17047.0,19371.0,21502.0,26698.0,25711.0,27779.0,29522.0,31586.0,27818.0,28984.0,28992.0,27531.0,24558.0,29588.0,32898.0,33868.0,34183.0,35779.0,39695.0,42501.0,41262.0,48244.0,54466.0,59831.0,55041.0,65751.0,71948.0,76028.0,73291.0,84190.0,88601.0,88570.0,79367.0,93103.0,100388.0,120959.0,120421.0,140065.0,151555.0,110868.0,68700.0
"p_m_de",98.5,98.200000000000003,97.0,96.700000000000003,96.599999999999994,96.200000000000003,95.700000000000003,95.0,95.900000000000006,96.200000000000003,96.5,95.799999999999997,95.299999999999997,94.599999999999994,93.299999999999997,91.200000000000003,90.900000000000006,92.400000000000006,93.299999999999997,94.599999999999994,97.099999999999994,99.099999999999994,100.90000000000001,102.5,101.09999999999999,101.5,100.7,98.799999999999997,98.700000000000003,99.400000000000006,97.799999999999997,97.400000000000006,97.299999999999997,96.0,95.299999999999997,94.299999999999997,94.599999999999994,96.0,96.700000000000003,96.400000000000006,96.799999999999997,97.700000000000003,98.700000000000003,98.599999999999994,100.09999999999999,101.2,101.3,100.0,100.09999999999999,101.09999999999999,100.59999999999999,100.3,101.8,103.59999999999999,104.09999999999999,98.799999999999997,96.400000000000006
"y_n_ru",234.97800000000001,324.25200000000001,421.06,448.233,425.28899999999999,468.41899999999998,548.87800000000004,565.24000000000001,512.36900000000003,555.077,634.15899999999999,640.90899999999999,550.86599999999999,602.45299999999997,675.45699999999999,800.84699999999998,901.34699999999998,1101.5,1373.0699999999999,1447.3199999999999,1527.4200000000001,1696.6500000000001,2037.8499999999999,2043.73,1900.8699999999999,2105.0100000000002,2487.8699999999999,2449.8299999999999,2259.4899999999998,2525.6599999999999,3009.1799999999998,3023.2199999999998,2850.6623,3107.7842999999998,3629.7951000000003,3654.9982,3516.7932000000001,3969.7709,4615.1680999999999,4946.3895000000002,4459.7263000000003,5080.3545999999997,5872.9699000000001,6212.3215,5811.8977999999997,6389.5514999999996,7299.1723000000002,7402.8721999999998,6749.6938,7764.8672000000006,8904.4828000000016,9692.3379999999997,8891.0149000000001,10193.257599999999,11639.537,10944.224400000001,
"cad_lt",2.8538333333333337,2.9197000000000002,2.9593666666666665,2.9386000000000005,2.9140999999999999,2.9313666666666669,2.9220333333333333,2.9561666666666664,2.9374333333333333,2.8852666666666664,2.8852666666666664,2.8109333333333333,2.7949999999999999,2.7507000000000001,2.6122333333333332,2.5954666666666668,2.6484333333333336,2.7142999999999997,2.690466666666667,2.7312333333333334,2.7624999999999997,2.6941666666666664,2.6945333333333337,2.6221999999999999,2.6116666666666664,2.6100333333333334,2.5802666666666667,2.5238,2.4950333333333337,2.3844333333333334,2.244966666666667,2.1884666666666668,2.1503666666666668,2.1720999999999999,2.216566666666667,2.1949999999999998,2.1044,2.1038666666666668,2.1792333333333338,2.1712666666666669,2.1495000000000002,2.218833333333333,2.3727666666666667,2.4732000000000003,2.4870666666666668,2.4504000000000001,2.4228000000000001,2.3333333333333335,2.2469666666666668,2.3550999999999997,2.3943333333333334,2.4236,2.2773333333333334,2.1962333333333333,2.2337333333333333,2.1202666666666663,2.1389333333333336
"lt_eur",0.22640563485588999,0.22640563485588999,0.22640563485588999,0.22640563485588999,0.22640563485588999,0.22640563485588999,0.22640563485588999,0.22640563485588999,0.22640563485588999,0.22640563485588999,0.22640563485588999,0.22640563485588999,0.22640563485588999,0.22640563485588999,0.22640563485588999,0.22640563485588999,0.22565213466919398,0.23848893411345715,0.23685457129322599,0.2443952033368092,0.25894213506421765,0.26779019530831577,0.27762354247640203,0.28523617555335817,0.27616172030340969,0.28685076111068614,0.27770577998296736,0.28041576310476335,0.28948587308939328,0.2896200185356812,0.2896200185356812,0.2896200185356812,0.2896200185356812,0.2896200185356812,0.2896200185356812,0.2896200185356812,0.2896200185356812,0.2896200185356812,0.2896200185356812,0.2896200185356812,0.2896200185356812,0.2896200185356812,0.2896200185356812,0.2896200185356812,0.2896200185356812,0.2896200185356812,0.2896200185356812,0.2896200185356812,0.2896200185356812,0.2896200185356812,0.2896200185356812,0.2896200185356812,0.2896200185356812,0.2896200185356812,0.2896200185356812,0.2896200185356812,0.2896200185356812
"eur_lt",4.4168512000000018,4.4168512000000018,4.4168512000000018,4.4168512000000018,4.4168512000000018,4.4168512000000018,4.4168512000000018,4.4168512000000018,4.4168512000000018,4.4168512000000018,4.4168512000000018,4.4168512000000018,4.4168512000000018,4.4168512000000018,4.4168512000000018,4.4168512000000018,4.4315999999999995,4.1930666666666667,4.2219999999999995,4.091733333333333,3.8618666666666663,3.7342666666666666,3.6019999999999999,3.5058666666666665,3.6210666666666662,3.4861333333333335,3.6009333333333333,3.5661333333333332,3.4543999999999997,3.4527999999999999,3.4527999999999999,3.4527999999999999,3.4527999999999999,3.4527999999999999,3.4527999999999999,3.4527999999999999,3.4527999999999999,3.4527999999999999,3.4527999999999999,3.4527999999999999,3.4527999999999999,3.4527999999999999,3.4527999999999999,3.4527999999999999,3.4527999999999999,3.4527999999999999,3.4527999999999999,3.4527999999999999,3.4527999999999999,3.4527999999999999,3.4527999999999999,3.4527999999999999,3.4527999999999999,3.4527999999999999,3.4527999999999999,3.4527999999999999,3.4527999999999999
"usd_lt",4.0,4.0,4.0,4.0,4.0,4.0,4.0,4.0,4.0,4.0,4.0,4.0,4.0,4.0,4.0,4.0,4.0,4.0,4.0,4.0,4.0,4.0,4.0,4.0,4.0,4.0,4.0,4.0,3.9864666666666668,3.6638333333333333,3.5178333333333334,3.4328000000000003,3.2093000000000003,3.0350333333333332,3.0715000000000003,2.8722666666666665,2.784966666666667,2.8569,2.8461666666666665,2.6173333333333333,2.6432333333333333,2.7654666666666667,2.8500999999999999,2.8900000000000001,2.8759333333333337,2.7374000000000005,2.7077333333333335,2.6545333333333332,2.6259666666666668,2.5547333333333331,2.4991333333333334,2.3622000000000001,2.2710000000000004,2.2073,2.3155333333333332,2.5810666666666666,2.6548333333333329
"rub_lt",0.00090233333333333344,0.00082199999999999992,0.00089733333333333332,0.0008743333333333333,0.00083316666666666663,0.00079726666666666667,0.00075273333333333338,0.00072583333333333321,0.00070416666666666663,0.00069459999999999997,0.00068539999999999996,0.00067393333333333342,0.65885000000000005,0.64846666666666664,0.39093333333333335,0.21760000000000002,0.16879999999999998,0.16333333333333333,0.16193333333333335,0.14983333333333335,0.13976666666666668,0.14136666666666667,0.14403333333333332,0.14249999999999999,0.13960000000000003,0.13763333333333333,0.13606666666666667,0.13316666666666668,0.12874666666666668,0.11679666666666666,0.11131000000000001,0.10776999999999999,0.10156999999999999,0.09885999999999999,0.10082333333333333,0.096970000000000001,0.097703333333333323,0.098536666666666675,0.097526666666666664,0.092539999999999997,0.094740000000000005,0.098125333333333342,0.099750000000000005,0.10097333333333335,0.10271333333333332,0.10087233333333334,0.10109666666666667,0.10023600000000001,0.10005766666666667,0.099014666666666654,0.098391333333333331,0.096283000000000007,0.094478999999999994,0.093570666666666677,0.094840333333333318,0.093178666666666674,0.076245333333333332
"qm",1630.0999999999999,1687.4000000000001,1790.5999999999999,1666.0999999999999,1345.9000000000001,1240.3,1211.9000000000001,1323.8,1441.9000000000001,1344.2,1461.5999999999999,1539.2,1650.5,1767.7,1846.2,2017.7,2268.8000000000002,2739.5999999999999,2982.1999999999998,3030.0,3322.8000000000002,3569.5,3863.9000000000001,4104.3999999999996,4556.0,4643.5,4997.1000000000004,5019.6999999999998,5472.1999999999998,5440.1000000000004,5699.6999999999998,5767.8999999999996,5951.3999999999996,6160.8999999999996,6388.8000000000002,6353.6999999999998,6512.3999999999996,6530.1000000000004,6740.5,7227.6000000000004,7599.1000000000004,7833.8999999999996,8230.2000000000007,8585.2999999999993,9436.5,9660.8999999999996,10200.0,10985.5,11851.700000000001,12708.700000000001,13788.700000000001,15532.0,17053.299999999999,17542.200000000001,18542.200000000001,19990.799999999999,20365.900000000001
"b_l",3899.5,4043.5,4141.3000000000002,4084.8000000000002,3773.9000000000001,3728.8000000000002,3819.0999999999999,3847.4000000000001,3931.8000000000002,3812.3000000000002,3743.0,4316.5,4529.3999999999996,4978.7000000000007,5340.2999999999993,5613.8000000000002,5816.3999999999996,6235.3000000000002,6417.8999999999996,6310.7999999999993,6076.1000000000004,6199.2999999999993,6034.8000000000002,6144.1999999999998,6278.8000000000002,6386.6000000000004,6612.6999999999998,7289.2999999999993,7538.0,7526.8000000000002,8035.8000000000002,8851.2000000000007,9220.6000000000004,9664.1000000000004,11367.9,13121.4,14226.1,15780.1,17073.400000000001,18609.700000000001,19583.600000000002,21663.299999999999,24444.700000000001,30248.099999999999,32862.300000000003,36618.699999999997,37665.900000000001,41773.5,45202.5,49559.199999999997,54661.400000000001,59711.099999999999,62710.300000000003,66984.699999999997,69816.0,71120.600000000006,68874.899999999994
"i_l",28.286666666666665,26.656666666666666,27.246666666666666,26.896666666666665,23.916666666666668,23.116666666666664,24.353333333333335,19.563333333333333,19.086666666666662,16.98,14.663333333333334,12.596666666666666,13.210000000000001,12.366666666666667,10.66,14.156666666666666,14.013333333333335,12.76,13.089999999999998,14.163333333333334,14.613333333333335,12.1,11.869999999999999,11.32,11.203333333333333,10.390000000000001,9.5800000000000001,8.6966666666666672,7.7833333333333341,7.1133333333333333,6.2833333333333341,6.0533333333333337,6.2333333333333343,6.1566666666666663,5.4633333333333338,5.4733333333333327,5.4100000000000001,5.4666666666666659,5.5,5.2266666666666666,5.1466666666666674,4.9666666666666659,4.7800000000000002,4.6033333333333326,4.4100000000000001,4.7000000000000002,5.0599999999999996,5.2699999999999996,5.5933333333333337,6.2666666666666666,6.9366666666666665,7.7933333333333339,7.830000000000001,7.5700000000000003,7.7133333333333338,9.4199999999999999,8.1566666666666681
"i_ilg",24.566666666666666,20.413333333333334,16.216666666666669,12.443333333333333,12.983333333333334,10.996666666666668,13.546666666666667,12.303333333333335,16.646666666666665,16.013333333333332,15.213333333333333,11.970000000000001,13.453333333333333,11.513333333333334,12.726666666666667,12.720000000000001,13.366666666666667,13.356666666666667,12.863333333333332,13.31,13.746666666666664,12.630000000000001,11.683333333333335,11.453333333333333,10.869999999999999,10.756666666666666,9.1466666666666665,7.8799999999999999,7.9766666666666666,7.4666666666666659,6.9866666666666672,6.9733333333333336,7.2833333333333341,6.4966666666666661,6.4899999999999993,6.7733333333333334,5.7166666666666659,6.7666666666666666,6.4666666666666677,7.7333333333333334,6.496666666666667,8.1100000000000012,7.1766666666666667,6.4533333333333331,6.7366666666666672,6.8533333333333344,6.9866666666666672,6.5599999999999996,6.4899999999999993,7.2133333333333338,8.3833333333333329,9.6133333333333315,9.6066666666666674,9.7400000000000002,10.693333333333333,10.903333333333334,14.853333333333333
