obs,A_N_SA,A_R_SA,B_L_SA,C_N_SA,C_R_SA,E_SA,E_SAL_SA,G_N_SA,G_R_SA,I_L,I_N_SA,I_R_SA,L_SA,M_N_SA,M_R_SA,P_C_SA,P_CPI_SA,P_G_SA,P_I_SA,P_M_DE_SA,P_M_SA,P_MINO_SA,P_PPI_SA,P_X_SA,P_Y_SA,QM_SA,T,U_SA,W_B_SA,X_N_SA,X_R_SA,Y_DU_SA,Y_MISR_SA,Y_N_SA,Y_R_DE_SA,Y_R_SA,Y_R_SA
1995Q1,337.0728065,579.1814326,3951.352184,3864.371945,5224.822495,1641.48557,1170.020527,1224.321201,2176.704683,28.28666667,1226.395008,1225.507288,1947.340387,3729.500505,3693.092947,0.745745378,0.596134383,0.56246546,1.002613658,0.984582709,1.010357829,,,0.807495037,0.644638301,1659.004003,1,15.70628428,420.9030442,2788.397114,3448.5437,2244.551249,2233.091414,5711.057569,467239.8672,8961.66665,8961.66665
1995Q2,-8.510424376,-16.82014876,4065.205761,4150.728721,5557.240627,1633.103458,1080.797458,1246.138306,2051.050626,26.65666667,1370.636948,1422.832648,1970.040812,3697.975435,3638.015626,0.744093706,0.635071468,0.607560969,0.977161281,0.979827604,1.016576546,,,0.854355715,0.680645551,1700.109791,2,17.10306463,466.9017568,3116.986663,3627.571282,2403.093476,2356.783818,6178.004779,466751.6156,9003.859409,9003.859409
1995Q3,374.9283606,-185.5672899,4112.918249,4355.531554,5812.249603,1619.579023,1061.588908,1413.900143,2232.574671,27.24666667,1280.247084,1263.315668,1971.873156,3937.029371,3944.709615,0.754682343,0.676452009,0.63330475,1.009174795,0.968154544,0.996456933,,,0.867513726,0.763210243,1779.859697,3,17.86596321,509.4342022,3333.950246,3887.292988,2571.096936,2691.396708,6821.528017,465919.2116,9065.156026,9065.156026
1995Q4,-82.85659763,-698.8600254,4039.171162,4652.898362,6134.563775,1623.730963,1049.017007,1722.132728,2491.466857,26.89666667,1539.087226,1493.349917,1975.697723,4220.81184,4221.982456,0.752839594,0.736438048,0.691212377,1.021056373,0.971217456,1.000013404,,,0.853328245,0.755486006,1636.732468,4,17.81480819,565.9200405,3505.561967,4093.672977,2771.507011,2751.312816,7116.011845,467667.6297,9292.211045,9292.211045
1996Q1,-35.02394615,-81.66715963,3824.445326,5000.087597,5946.384049,1618.265624,1129.723528,1636.996591,2184.840221,23.91666667,1608.862374,1554.042825,1970.734168,4677.262482,4531.242388,0.846141755,0.784651597,0.749252314,1.043392009,0.96597724,1.032049639,1.246611594,0.807737155,0.911927224,0.804584414,1369.949423,5,17.88513894,599.1920214,3972.054063,4353.991531,2930.60073,2830.432047,7505.714199,467433.2972,9426.349079,9426.349079
1996Q2,-115.3853319,-275.0265656,3745.472425,5283.602344,6016.542321,1613.351932,1072.987747,1709.81719,2186.445314,23.11666667,1633.774174,1565.350971,1957.761094,4644.149776,4468.298225,0.877331581,0.82188767,0.782007754,1.052652404,0.959654885,1.040695245,1.204434485,0.825132294,0.947389703,0.847150681,1245.947252,6,17.59199133,611.0151732,3935.28397,4131.99846,3007.113737,2954.823201,7802.94257,470473.5414,9157.012275,9157.012275
1996Q3,220.4009089,-201.645382,3793.44934,5394.013628,6047.269871,1605.397832,1057.622389,2009.92575,2526.715805,24.35333333,1675.595306,1570.839471,1930.634887,5053.987086,4792.548185,0.896196829,0.836867828,0.795469655,1.062300614,0.955094572,1.051954521,1.26379988,0.84282522,0.947508711,0.886296392,1204.862631,7,16.84611923,651.7673833,4348.543546,4646.805707,3382.476399,3206.548388,8594.492053,473636.9578,9797.437286,9797.437286
1996Q4,14.33522812,-166.3626358,3808.957618,5774.217926,6260.131615,1587.002843,1060.011605,1889.62164,2287.956437,19.56333333,1939.727796,1867.183295,1885.707257,5514.93355,5299.876179,0.916107566,0.849845105,0.825899309,1.030063329,0.95413596,1.041074027,1.221411742,0.871755467,0.9493991,0.883202335,1306.730537,8,15.84044465,683.6232786,4607.338903,4817.971876,3399.245197,3234.52081,8710.307944,474489.1257,9767.004408,9767.004408
1997Q1,180.1865264,-5.056552026,3982.325647,5938.507151,6401.554231,1583.208133,1023.722447,2025.114556,2286.126261,19.08666667,2105.591269,1903.269476,1861.154637,5804.446749,5611.813325,0.931533245,0.869172805,0.885827957,1.121642648,0.959356663,1.033678676,1.214358112,0.888574495,0.981628612,0.94466504,1464.956862,9,14.93408977,733.9450245,4814.948521,4907.011225,3608.545674,3364.217314,9259.901274,469363.6842,9881.091315,9881.091315
1997Q2,388.1849478,-8.984017399,3823.666226,6002.960973,6341.498502,1568.997777,1048.393461,2395.174509,2674.091614,16.98,2129.549727,1950.426157,1840.098844,6241.570625,5980.472247,0.950198192,0.884730957,0.895696504,1.094564377,0.959446475,1.046372351,1.230693967,0.881392812,0.984756042,0.960834444,1343.295308,10,14.73296217,792.2657579,5073.512307,5144.020803,3801.777441,3436.614169,9747.811839,483867.0034,10120.58081,10120.58081
1997Q3,2.637595931,-99.67067114,3721.002595,6274.469544,6390.073589,1555.451948,1023.587539,2425.720566,2612.241204,14.66333333,2367.527707,2161.118965,1820.786877,6115.145086,5846.120761,0.981147051,0.908151764,0.928597467,1.085319872,0.962903422,1.042596877,1.19463943,0.89337697,0.982391124,0.965731605,1454.900218,11,14.57254179,841.5781403,5242.234265,5388.837508,4014.194721,3571.325959,10197.44459,482027.9364,10606.47983,10606.47983
1997Q4,587.6789282,337.1502059,4282.212544,6550.536914,6528.470741,1550.415449,1021.235113,2189.981562,2244.419794,12.59666667,2383.336581,2204.216529,1810.954623,6772.301114,6438.438599,0.998527301,0.922958171,0.975745076,1.07920248,0.962087653,1.052419948,1.187764686,0.885545742,0.96754427,0.988180316,1531.732272,12,14.38684162,898.8228357,5754.182017,5897.820043,4209.955915,3744.386798,10693.41489,484760.6349,10773.63871,10773.63871
1998Q1,33.60038819,-317.0352938,4577.6728,6671.632532,6573.735087,1506.120496,1014.127524,2697.602312,2678.880714,13.21,2521.565589,2399.366636,1761.16515,6557.700658,6267.834097,1.019587531,0.928285667,1.006988589,1.065081223,0.953847287,1.044998831,1.19849167,0.875267082,0.939371441,1.001202855,1668.641161,13,14.48158644,943.3331758,5474.031875,5823.093915,4363.178161,3786.845341,10840.73204,489101.7023,10890.20696,10890.20696
1998Q2,205.8389123,70.86014369,4987.057133,6723.388151,6606.184904,1480.773471,1008.024742,2572.765631,2531.618923,12.36666667,2786.278652,2590.028204,1717.401366,6566.459599,6572.758352,1.022265047,0.942717758,1.016253121,1.076202939,0.943258452,1.002977689,1.169425136,0.859842567,0.919068903,1.000324009,1760.070221,14,13.7782524,989.6330276,5379.530461,5868.458584,4592.481786,3749.097382,11101.34221,487592.9373,11094.39241,11094.39241
1998Q3,538.6477102,450.6191507,5323.214669,7050.257258,6864.962914,1487.745986,1014.221739,2597.617148,2491.117788,10.66,2876.141232,2677.88395,1709.583973,6626.379999,6727.162992,1.021931589,0.946802534,1.042751636,1.061386277,0.930804533,0.981312002,1.16189626,0.839037232,0.894138929,1.005332061,1835.971038,15,12.97613867,1024.237614,4934.230094,5552.041064,4838.590408,3660.978884,11370.51344,490590.2255,11309.46187,11309.46187
1998Q4,32.91308369,43.81926217,5572.311132,7028.472748,6843.689064,1504.39016,988.3264429,3018.935993,2753.95846,14.15666667,2496.119879,2332.84847,1723.67075,5758.009642,5865.116879,1.025194885,0.948658129,1.096216968,1.070528127,0.915854688,0.981900252,1.188932656,0.819159611,0.876724816,1.008006424,2029.019146,16,12.72172136,1042.603994,4553.376393,5156.987609,4889.279196,3463.806253,11371.80845,492080.2848,11266.18599,11266.18599
1999Q1,34.71920023,12.02152643,5858.968415,6745.843008,6673.124986,1500.298161,1035.423847,2555.666746,2599.628897,14.01333333,2370.1066,2270.106628,1728.466847,5043.207988,5367.193094,1.015592358,0.946927857,0.983089067,1.051481241,0.910234353,0.938307236,1.117353014,0.81077202,0.865769289,0.990282372,2276.884367,17,13.20064001,1046.966478,4199.828244,4846.04757,4739.414799,3261.560493,10862.95581,492811.4533,11033.73651,11033.73651
1999Q2,-132.5155701,-94.5710414,6249.343368,7294.963809,7195.599253,1483.590086,1032.107574,2575.434404,2434.969379,12.76,2742.111373,2701.861259,1718.063254,5539.985551,5931.059879,1.016142998,0.94784115,1.057686568,1.021156087,0.920960464,0.93852427,1.085417121,0.833229536,0.876580345,1.002307974,2724.346937,18,13.64752824,1057.827047,4188.0844,4790.200049,4787.636086,3524.48388,11128.09286,495337.8058,11096.99902,11096.99902
1999Q3,78.99278319,68.93497088,6418.169774,7281.319446,7070.289414,1458.639135,1016.170498,2282.348787,2284.43639,13.09,2384.42733,2324.664412,1709.037834,5395.42297,5553.483438,1.025207082,0.949984477,0.999086163,1.014464986,0.930866869,0.967749304,1.062648499,0.874880073,0.914273873,0.999852313,2963.906333,19,14.6514427,1070.688794,4314.066317,4730.248738,4684.194709,3254.790591,10945.73169,501366.2345,10925.09049,10925.09049
1999Q4,317.6163201,496.6387869,6255.381375,7128.883615,7051.747225,1435.768723,985.9553644,2314.104461,2276.897255,14.16333333,2134.301345,2132.019972,1703.20395,5381.09959,5400.606624,1.010411438,0.949460793,1.016341188,0.995399919,0.949963986,0.996182052,1.038099632,0.931168532,0.975955764,0.986423869,3069.372122,20,15.70189098,1062.512029,4258.249046,4358.27041,4641.15782,3244.195377,10772.0552,508970.2583,10914.96702,10914.96702
2000Q1,108.2092998,10.59944131,6100.365364,7158.253776,7212.396453,1425.253368,908.9164141,2736.565187,2752.395781,14.61333333,2164.922841,2192.516682,1693.391994,5882.678574,5864.727696,0.996160329,0.955856189,0.994248431,0.993706709,0.972524389,1.001251941,1.02508182,0.990275857,0.992475166,1.003314947,3314.941013,21,15.83440968,1055.708663,5204.907543,5227.558032,4573.176645,3497.145636,11490.18007,514340.2887,11530.73869,11530.73869
2000Q2,69.87600258,7.989407795,6229.119321,7407.14718,7419.50034,1411.114018,900.6484105,2485.511691,2524.244627,12.1,2086.465213,2093.16,1686.663614,5601.905684,5658.829002,0.998264983,0.956082601,0.984655633,1.005453257,0.987422186,0.995240625,1.013623223,0.991159079,0.983514182,0.996379557,3556.170389,22,16.33696213,1059.979561,4859.745877,4940.980787,4498.836763,3575.388824,11306.84028,516437.5185,11327.04616,11327.04616
2000Q3,-146.3432753,-102.2944659,6054.136407,7371.164328,7355.575634,1402.864975,891.819934,2588.172403,2566.353728,11.87,2148.454315,2154.974985,1687.547347,5960.345558,5881.421508,1.000846804,0.958464807,1.008501819,0.995329801,1.006932214,1.009692384,1.00879157,1.005058803,1.008094233,0.99324187,3831.186769,23,16.86959315,1052.135292,5280.741514,5245.904215,4456.477914,3589.911579,11281.84373,515560.0386,11339.09259,11339.09259
2000Q4,165.3275952,270.6441279,6066.636369,7512.679454,7484.726477,1390.274407,884.0874687,2614.435701,2577.255176,11.32,2177.012664,2136.481216,1666.419732,5897.25533,5928.708438,1.003420906,0.961218625,1.014426404,0.999678012,1.029304724,0.993801976,0.986298604,1.01450671,1.012595489,1.005331408,4174.264695,24,16.57117472,1057.769419,5113.259455,5067.301566,4526.286382,3857.08472,11685.45954,516408.8165,11607.70012,11607.70012
2001Q1,-135.6610053,181.5294435,6291.709656,7858.108637,7627.444108,1376.412165,865.8588198,2613.77271,2665.926082,11.20333333,2378.423988,2399.994492,1654.782312,6553.509006,6537.885729,1.029826274,0.957456638,0.980437053,0.999453009,1.012513524,1.000911192,1.013647765,0.996116189,1.000371023,0.995795219,4525.425652,25,16.82216116,1066.736661,5894.729733,5862.331585,4653.014598,4027.39766,12055.86506,524400.8753,12199.33998,12199.33998
2001Q2,0.584243206,62.45441861,6440.494222,7700.335606,7588.712509,1360.557291,865.7342537,2624.640515,2668.839089,10.39,2187.131269,2163.479705,1647.365969,6577.497771,6565.895818,1.016197348,0.969520431,0.983439026,1.023428953,1.011195,1.006521049,1.003490217,0.990102346,1.00765274,1.003411452,4640.73513,26,17.41013737,1062.055846,6081.106631,6025.075534,4623.513849,4112.816333,12016.30049,521703.3191,11942.66544,11942.66544
2001Q3,-89.90123957,-14.84656308,6647.625613,7806.091535,7668.273236,1345.505652,869.2144918,2628.047331,2669.427315,9.58,2228.86864,2317.255082,1636.284393,6511.036544,6689.212957,1.01949895,0.976975299,0.984498554,0.966381026,1.005184834,0.970685865,0.984968533,0.962441143,0.974583235,0.993967291,4958.658496,27,17.77067253,1062.782902,6037.563823,6205.231159,4595.945142,4193.960413,12099.63355,520223.3097,12156.12727,12156.12727
2001Q4,-122.3645072,163.626259,7168.51784,8061.631405,7811.951612,1346.320342,869.3361064,2543.726275,2660.772913,8.696666667,2966.380673,2774.79333,1633.439614,7198.344337,7566.665612,1.02907382,0.980253679,0.956010287,1.038133296,0.992070625,0.949965509,0.977709486,0.932282013,0.927052215,0.990454368,5094.734335,28,17.57758718,1071.212531,6179.943589,6699.447822,4658.831905,4354.612817,12430.9731,521877.1842,12543.92632,12543.92632
2002Q1,-265.493289,169.2656741,7543.64872,8242.200134,8009.313248,1372.960089,862.9131116,2723.942569,2592.874584,7.783333333,2566.663576,2630.855009,1636.545293,7121.364267,7569.179094,1.027893363,0.983215648,1.050549296,0.988916553,0.988358945,0.939661031,0.958618491,0.935436723,0.920029576,0.990369528,5422.97717,29,16.10619669,1114.410142,6375.498732,6870.996143,4966.99907,4067.380075,12521.44746,518953.4001,12704.12556,12704.12556
2002Q2,325.9028255,257.8161368,7614.193151,8271.783899,8072.712846,1410.173468,870.4087136,2573.423349,2624.527209,7.113333333,2509.805747,2608.719799,1633.150348,7761.142214,8136.772735,1.027892262,0.973728567,0.980528356,0.975086211,0.990445324,0.957397086,0.963323034,0.94786766,0.933593073,0.997421494,5457.31772,30,13.6531753,1110.039724,7004.803681,7509.418697,4875.919167,4567.35884,12924.57729,522976.5832,12936.42195,12936.42195
2002Q3,211.3342091,180.3334067,8096.351402,8332.100874,8254.781037,1424.143102,871.1818402,2807.275637,2764.72739,6.283333333,2569.013454,2619.979906,1629.602397,7560.879368,8080.053345,1.010125494,0.968807748,1.015389672,0.984974115,0.976017962,0.934299067,0.94879894,0.94317303,0.927797798,1.00250569,5663.779682,31,12.60794014,1122.809323,6867.236173,7444.351681,5031.570836,4711.23956,13226.08098,524548.7941,13184.12008,13184.12008
2002Q4,-2.644736067,207.4032585,8669.038296,8368.030968,8136.919874,1415.059967,880.8053444,2777.277912,2786.926619,6.053333333,2882.896314,2846.614836,1621.642106,7892.008173,8425.477205,1.024699611,0.969059693,0.996537868,0.982599136,0.978227297,0.934956726,0.939473635,0.942220079,0.919117198,0.997925078,5835.792157,32,12.73907097,1126.423138,7151.324346,7750.452337,5174.495595,4573.37554,13284.87663,521706.415,13302.83972,13302.83972
2003Q1,-70.74424516,410.9983069,9229.04021,8869.913334,8665.008833,1405.897138,895.3483521,2745.640022,2633.080974,6.233333333,2631.665442,2726.214659,1608.689983,7909.488707,8407.136169,1.024509595,0.968290405,1.042748039,0.984150867,0.974349737,0.939785099,0.928338815,0.975106513,0.959724574,0.999991468,5886.249345,33,12.60608611,1151.567792,7707.373467,7978.834844,5364.321676,5077.961747,13974.35931,519271.5266,14007.00145,14007.00145
2003Q2,169.2926987,467.7853824,9788.098661,8994.155578,8841.205671,1463.033326,905.7241589,2871.549075,2866.825554,6.156666667,3009.988295,3063.416281,1690.175244,7697.242219,8507.258045,1.019200672,0.966415942,1.001647648,0.991730812,0.956550318,0.907302644,0.914848673,0.911921715,0.899156393,0.988094124,6195.572311,34,13.43895662,1162.992295,6620.006705,7394.332115,5526.33226,4909.046989,13967.75013,518334.1418,14126.30696,14126.30696
2003Q3,365.8397354,711.828331,11468.12593,8988.422532,8910.085945,1441.580128,913.3045913,2812.43671,2819.111745,5.463333333,3082.860793,3135.687172,1641.357068,8197.305044,9117.636304,1.01046977,0.959382248,0.997632221,0.982213341,0.950729336,0.89827361,0.923868431,0.924236915,0.904646197,0.983190085,6373.484026,35,12.1714491,1169.238865,7236.143477,8072.467644,5632.190252,5114.34763,14288.3982,522313.508,14531.54453,14531.54453
2003Q4,153.5649304,608.6258805,12824.56857,9466.676623,9403.460647,1439.654598,923.4720316,2824.861182,2886.800987,5.473333333,3171.282035,3197.78019,1625.943304,8608.659433,9539.908756,0.999453986,0.95669407,0.978543791,0.972409544,0.947417929,0.901028098,0.923444944,0.940175781,0.914825066,0.988497711,6393.35465,36,11.45726951,1186.186942,7606.150898,8215.911189,5681.320801,5207.556031,14613.87624,523959.6259,14772.67014,14772.67014
2004Q1,480.1182422,972.070461,14257.39947,9570.676809,9675.342222,1427.240601,935.7443424,2893.962373,2894.113632,5.41,3225.34265,3365.264538,1624.141257,8633.042064,9609.441182,0.995708533,0.957680396,0.999947735,0.977985893,0.947452521,0.897031046,0.910865247,0.95824814,0.945911034,0.990746364,6445.620062,37,12.12337013,1172.647711,7468.477013,7849.819102,5913.476017,5343.662298,15005.53502,527159.0282,15147.16877,15147.16877
2004Q2,187.1896058,862.0961438,15970.2752,10010.02432,9940.550916,1429.4706,941.2989898,3051.654152,3007.718083,5.466666667,3521.348712,3572.831159,1618.839284,9067.775993,10017.33262,1.00736581,0.97132397,1.014607775,0.985801069,0.956467013,0.907346783,0.905986441,0.982939921,0.97360213,1.003498431,6566.211894,38,11.69780632,1224.659911,7643.798399,7919.355201,6228.792069,5545.277933,15346.23919,526712.6352,15285.21888,15285.21888
2004Q3,-240.2937432,550.0699748,17222.17457,10415.50887,10219.43018,1435.985197,949.1246619,3074.456633,3087.004282,5.5,3641.941457,3668.65441,1614.537201,9575.373983,10608.26294,1.01835195,0.981917783,0.995935331,0.987691432,0.964086402,0.901986682,0.897985966,1.003563556,0.99895092,1.022127462,6751.670865,39,11.05902076,1252.835356,8404.152198,8485.860094,6380.626292,5646.77307,15720.39144,525733.343,15402.75599,15402.75599
2004Q4,92.30252508,836.9671909,18193.18491,10492.70117,10249.28211,1452.019811,955.2550312,3076.160395,3144.770335,5.226666667,3504.983036,3509.056368,1623.817495,9746.167058,10690.15455,1.017320644,0.984816007,0.978182846,0.995238202,0.969118334,0.910752409,0.889895664,1.030912911,1.014674973,1.037386871,7246.543893,40,10.5798641,1285.263854,9027.233723,8770.086717,6632.48904,5985.272133,16447.21379,529574.9038,15820.00817,15820.00817
2005Q1,169.9893448,802.2561237,19669.61617,10620.19472,10520.1073,1461.224965,978.5716211,3157.674027,3002.534718,5.146666667,3717.03972,3670.485057,1615.41265,10107.56782,10997.3082,1.018037789,0.988576598,1.051669447,1.023479534,0.969854695,0.917491531,0.889523416,1.048602103,1.016293598,1.046609984,7516.912166,41,9.544786275,1299.403377,9273.979888,9078.916557,6890.004914,6132.979652,16831.30988,521942.9949,16076.99156,16076.99156
2005Q2,530.0297727,704.5033635,21862.64181,11411.72519,11200.08343,1464.066426,981.6297923,3325.768464,3144.201906,4.966666667,3852.91294,3764.868837,1604.972108,11272.77814,11922.12893,1.017450614,0.994566122,1.057746469,1.01837111,0.973018068,0.947393449,0.893341858,1.084904651,1.036930839,1.072804097,7873.882438,42,8.779322784,1337.751131,9748.248726,9493.269868,7188.174663,6338.058836,17595.90695,535018.8858,16384.79848,16384.79848
2005Q3,425.6139765,187.716001,24628.90823,11792.84751,11479.59465,1477.204534,994.0743809,3319.262356,3189.72578,4.78,4250.435174,4061.651922,1598.681642,12010.59757,11940.10437,1.02810212,1.003357545,1.040610568,1.039616687,0.983373849,1.005185321,0.918040954,1.13399395,1.078017127,1.094043596,8285.4459,43,7.598580267,1367.364823,10539.079,9810.935168,7456.159026,6656.663736,18316.64044,533066.6752,16789.51916,16789.51916
2005Q4,-44.52460472,248.7833726,29643.46784,12381.77976,11804.50735,1492.611194,1009.716277,3591.155954,3231.34716,4.603333333,4443.501328,4158.058055,1606.682554,13053.34028,12783.23696,1.042089344,1.013250934,1.11134947,1.078373305,0.991730152,1.020423396,0.930253398,1.16633388,1.110930497,1.107362745,8572.09374,44,7.099806943,1426.376628,11753.10483,10508.91825,7773.707165,7011.451562,19071.677,535124.8997,17168.37723,17168.37723
2006Q1,869.7839492,766.2014503,33051.87941,12024.45599,11497.34987,1499.109902,1021.260822,3649.204002,3265.269979,4.41,4746.574381,4360.673189,1591.762508,14058.88232,13344.33666,1.052357478,1.021200203,1.117581096,1.084281675,1.003575498,1.051582834,1.007409746,1.187103874,1.113319619,1.114462295,9330.415798,45,5.820755605,1469.511427,12265.89879,10942.37551,8171.548134,7048.027002,19497.03479,540238.045,17487.53334,17487.53334
2006Q2,32.89328689,-142.2935486,36855.80051,13066.88421,12262.53559,1495.321414,1022.682629,3560.145165,3190.226486,4.7,4983.201871,4534.550551,1587.141575,13936.81304,13131.87152,1.065794997,1.030557272,1.115953736,1.095650595,1.007420954,1.063135613,1.023002405,1.194243921,1.123511077,1.126956419,9712.337193,46,5.785253334,1529.605777,12375.71847,11078.57298,8440.304534,6946.548986,20082.02997,543805.3705,17791.72054,17791.72054
2006Q3,165.2445594,24.76582205,37918.54584,13901.50289,13047.84793,1495.320698,1030.622209,4376.036962,3286.251358,5.06,5230.165658,4668.93381,1591.014633,14658.25899,13820.90253,1.066333231,1.042754778,1.331619674,1.114248553,1.00852384,1.059853972,1.027324455,1.199475107,1.126550708,1.18123308,10301.03146,47,6.014648306,1636.549506,12117.45234,10762.46479,9154.760806,7229.79838,21132.14342,548220.3613,17969.36118,17969.36118
2006Q4,255.6818936,151.5833521,41027.13732,14143.0669,12956.36351,1505.798695,1039.322787,4307.792196,3308.965798,5.27,5726.289978,5111.487889,1582.185442,14726.43892,13957.58306,1.086575163,1.055220101,1.301854555,1.132631693,1.006427082,1.054361039,1.039082591,1.182697513,1.122138372,1.181072859,10945.70506,48,4.827926303,1701.179623,12139.90356,10838.48934,9570.221615,7410.235053,21846.29561,555522.2919,18409.30683,18409.30683
2007Q1,372.4192063,34.11226552,45500.3197,14860.33735,13586.64204,1522.578592,1051.01323,4211.023707,3369.400116,5.593333333,6628.169037,5651.002012,1593.888279,16070.35886,15037.56934,1.095817186,1.064873125,1.249784401,1.161384144,1.004235414,1.066703727,1.052924796,1.200081534,1.134921451,1.213039382,11701.13676,49,4.473945086,1775.03604,12846.17423,11232.77765,9896.888204,7552.12087,22847.76467,558880.3954,18836.36474,18836.36474
2007Q2,1186.612562,621.2232142,49782.14523,15283.33341,13795.36378,1538.882195,1070.673832,4332.074063,3340.155593,6.266666667,6843.004051,5729.524011,1607.714153,16783.15739,15443.1774,1.108858255,1.080456746,1.296967744,1.192756292,1.005746703,1.088806962,1.065944637,1.248409313,1.169649053,1.24354816,12788.33263,50,4.281355487,1840.806529,13268.36393,11338.80139,10533.31999,7979.912905,24130.23062,557170.5473,19381.8906,19381.8906
2007Q3,582.1330696,168.6794854,54981.60631,15852.87181,14017.80261,1541.760871,1078.011908,4525.480539,3348.981432,6.936666667,6862.75851,5614.641333,1610.463669,16831.39537,15330.80993,1.136020146,1.104443458,1.351300576,1.220557332,1.001190871,1.096744149,1.076180242,1.263544349,1.158404142,1.261579196,13955.84164,51,4.266025977,1926.240739,13858.23257,11972.62522,11199.32476,8119.540771,24850.08113,561285.2337,19791.92015,19791.92015
2007Q4,608.4604877,159.3204961,58747.37746,17148.12437,14549.97688,1532.598418,1084.647756,4718.27551,3424.787133,7.793333333,7069.942232,5678.378252,1599.810336,16841.23865,14721.25839,1.170794996,1.138312406,1.377684313,1.251690178,1.009810332,1.14320911,1.089368453,1.383461501,1.226674679,1.291626331,15441.84323,52,4.201242885,2019.893769,13321.82484,10940.88552,11891.49148,8227.302361,26025.38878,564249.2545,20032.08989,20032.08989
2008Q1,435.0956937,1419.135722,63140.46195,18240.96508,15053.09807,1525.753288,1088.258992,5049.647443,3488.676481,7.83,7391.236533,5723.879218,1595.120315,21121.65541,17775.43021,1.212076373,1.177462535,1.4474393,1.282873466,1.021678799,1.18632732,1.097414046,1.45990738,1.312673244,1.368378516,16837.68674,53,4.348701881,2195.02637,16362.66014,12343.68202,12297.5116,9363.28822,27688.41336,570820.9175,20253.0413,20253.0413
2008Q2,-331.1279232,847.6381121,67227.82441,18404.90994,14846.02035,1521.328679,1081.794786,5234.33362,3526.175555,7.57,7262.241299,5590.126128,1595.901442,20699.5249,17298.03066,1.242621105,1.210759509,1.484422298,1.296477416,1.030278098,1.198831684,1.111640994,1.520398584,1.342362128,1.386342659,17657.63622,54,4.672767444,2256.220566,17316.30639,12866.38699,12715.87106,9598.230984,28277.18662,575631.7282,20378.31647,20378.31647
2008Q3,-251.0951086,336.7117223,70185.70744,18335.14347,14689.78184,1518.206266,1072.735868,5455.383531,3516.781304,7.713333333,7127.411473,5443.362284,1620.448717,20584.36511,16975.45679,1.254784644,1.234149341,1.551243327,1.310167664,1.035845458,1.211097023,1.132927407,1.579282436,1.338744556,1.39765463,18779.41679,55,6.309514779,2289.795743,17788.07103,13314.85723,13248.72375,9293.967772,28269.594,569039.3348,20326.03759,20326.03759
2008Q4,-598.6844412,-167.4293726,70040.39678,17739.91441,14099.98242,1514.404231,1046.382964,5523.562511,3525.896195,9.42,6010.955679,4661.098735,1645.800967,16890.61568,14608.31708,1.248176858,1.24499011,1.566569804,1.292430382,0.994891182,1.155523736,1.125991851,1.449799186,1.262236841,1.38147978,19862.99092,56,7.983756122,2285.356042,15121.23041,12076.14147,12745.48741,7970.665022,27237.86879,554612.9827,19587.37237,19587.37237
2009Q1,-91.38856848,164.6200017,69345.6903,16637.6384,12780.2576,1448.13995,1036.965776,5464.405632,3557.730138,8.156666667,4511.566802,3593.611503,1627.976887,12697.13904,11902.37575,1.303501875,1.278976489,1.53592471,1.25130608,0.967656647,1.104616815,1.126123751,1.374243476,1.182026592,1.337138155,20105.97653,57,11.04665173,2161.946776,12174.79479,10521.43732,12879.1285,6134.760517,23407.79689,532998.1336,17535.47961,17535.47961
2009Q2,106.2903278,246.2295125,,,,1419.260846,,,,7.859287375,,,1617.805354,,,,,,,0.943103195,1.062272196,1.123179796,,1.115291063,,,58,12.27245958,,,,,6647.394044,,527585.4145,,
2009Q3,-34.12155862,112.773252,,,,,,,,8.811004928,,,1611.964565,,,,,,,0.930934709,1.035303819,1.115216781,,1.073261143,,,59,,,,,,,,525745.231,,
2009Q4,163.9529219,205.3917667,,,,,,,,8.38358838,,,1608.589969,,,,,,,0.944120139,1.041269022,1.107436731,,1.078974681,,,60,,,,,,,,534521.6792,,
2010Q1,-121.2017808,-4.386700477,,,,,,,,8.242734635,,,1606.625623,,,,,,,0.954711341,1.04472756,1.098386911,,1.081418567,,,61,,,,,,,,545032.5168,,
2010Q2,-24.56672566,53.14776614,,,,,,,,8.196316737,,,1605.470357,,,,,,,0.963334214,1.046470833,1.088514947,,1.081692166,,,62,,,,,,,,546454.7265,,
2010Q3,-32.48129841,37.46262685,,,,,,,,8.181019869,,,1604.780804,,,,,,,0.970340863,1.046919821,1.078731913,,1.080371682,,,63,,,,,,,,547880.6473,,
2010Q4,-94.93940962,-6.921489106,,,,,,,,8.175978836,,,1604.360418,,,,,,,0.976025264,1.046410416,1.069010921,,1.07791319,,,64,,,,,,,,549310.289,,
2011Q1,37.32154643,72.0146169,,,,,,,,8.174317579,,,1604.096499,,,,,,,0.980631094,1.045208027,1.059620512,,1.074673193,,,65,,,,,,,,550743.6611,,
2011Q2,-71.19756756,-6.540822369,,,,,,,,8.173770118,,,1603.924312,,,,,,,0.984359186,1.04352045,1.050778987,,1.070927033,,,66,,,,,,,,552180.7735,,
2011Q3,-6.299672729,32.84525304,,,,,,,,8.173589703,,,1603.806589,,,,,,,0.987374326,1.041508881,1.042551894,,1.066884782,,,67,,,,,,,,553621.6359,,
2011Q4,-22.38413648,16.59324163,,,,,,,,8.173530248,,,1603.721807,,,,,,,0.989811235,1.039297148,1.035021743,,1.062704565,,,68,,,,,,,,555066.2581,,
2012Q1,-57.89738804,-7.664676258,,,,,,,,8.173510655,,,1603.657477,,,,,,,0.991779751,1.036979336,1.028229814,,1.058503557,,,69,,,,,,,,556514.6499,,
2012Q2,-0.830250808,27.36663473,,,,,,,,8.173504198,,,1603.606302,,,,,,,0.993369214,1.034626006,1.022179797,,1.054366903,,,70,,,,,,,,557966.8212,,
2012Q3,-55.5013062,-10.35609089,,,,,,,,8.17350207,,,1603.563969,,,,,,,0.994652169,1.03228923,1.016863227,,1.050354897,,,71,,,,,,,,559422.7817,,
2012Q4,-18.71456543,13.35152277,,,,,,,,8.173501369,,,1603.527887,,,,,,,0.995687431,1.030006638,1.012253776,,1.046508697,,,72,,,,,,,,560882.5414,,
2013Q1,-27.79485773,5.255653285,,,,,,,,8.173501138,,,1603.496464,,,,,,,0.996522631,1.02780464,1.008312694,,1.042854852,,,73,,,,,,,,562346.1102,,
2013Q2,-41.89074403,-4.096205649,,,,,,,,8.173501062,,,1603.46869,,,,,,,0.997196309,1.025701001,1.004994435,,1.039408862,,,74,,,,,,,,563813.4981,,
2013Q3,-15.31692592,12.32599737,,,,,,,,8.173501037,,,1603.443898,,,,,,,0.997739622,1.023706869,1.002247917,,1.036177963,,,75,,,,,,,,565284.715,,
2013Q4,-42.99600471,-6.454525078,,,,,,,,8.173501029,,,1603.421622,,,,,,,0.998177746,1.021828373,1.000019229,,1.033163298,,,76,,,,,,,,566759.7709,,
