"Date","B_L_SA","C_N_SA","C_R_SA","D971014","D984994","E_SA","E_SAL_SA","G_N_SA","G_R_SA","I_ILG","I_L","I_N_SA","I_R_SA","L_SA","M_N_SA","M_R_SA","MEA_SA","P_C_SA","P_CPI_SA","P_DE_SA","P_G_SA","P_I_SA","P_M_SA","P_MINO_SA","P_PPI_SA","P_X_SA","P_Y_SA","QM_SA","T","U_SA","W_B_SA","X_N_SA","X_R_SA","Y_DU_SA","Y_MISR_SA","Y_N_SA","Y_R_ADD","Y_R_DE_SA","Y_R_SA"
"1995Q1",3951.35218367279,3864.37194457852,5224.8224952571099,0.0,0.0,1641.48174110893,1170.02052704224,1224.3212005376199,2176.70468250464,24.566666666666599,28.286666666666601,1226.39500817773,1225.50728761287,1947.3403873623499,3729.5005050198101,3693.09294737868,369709.82402585598,0.73961784311073597,0.59613438331188795,1.0225078357381701,0.56246546000390196,1.0007243698783601,1.0098582836012699,,,0.80857235893387702,0.63727627814799104,1659.0040031859,1.0,15.701561910329,420.90304421291802,2788.3971141652901,3448.5436997152101,2244.55124914722,2233.0918780519901,5711.0575689042098,579.18143258579005,467239.867163766,8961.6666502969401
"1995Q2",4065.2057609767899,4150.7287213687596,5557.2406272851003,0.0,0.0,1633.04842444319,1080.7974579687,1246.13830634081,2051.0506262683398,20.413333333333298,26.656666666666599,1370.63694833564,1422.83264847947,1970.0408117448501,3697.97543515692,3638.0156256136502,370752.92813346302,0.74690462403038604,0.63507146834054695,1.03998631181652,0.60756096918388602,0.96331564348090404,1.0164814601457699,,,0.859248907981362,0.68615073804185001,1700.1097913819401,2.0,17.030396699765902,466.90175683349901,3116.9866625119498,3627.5712818008701,2403.0934760502801,2356.78432133664,6178.0047790241897,-16.8201487628302,466751.61564593599,9003.8594094573
"1995Q3",4112.91824866767,4355.5315543819397,5812.2496032798299,0.0,0.0,1619.5734911575601,1061.5889078482701,1413.90014322397,2232.5746707927101,16.216666666666601,27.246666666666599,1280.2470837109199,1263.3156684409901,1971.8731557011499,3937.0293706780899,3944.7096145672599,369354.34436483198,0.74937104420363099,0.676452008936965,1.0341164492460899,0.63330474976764894,1.01340236307749,0.99805302680308605,,,0.85765345090315304,0.752499791238739,1779.85969676133,3.0,17.972298053691102,509.43420215243702,3333.9502461520701,3887.2929883757201,2571.0969362025999,2691.3953945017602,6821.5280174166401,-185.56728991662001,465919.211612468,9065.1560264053696
"1995Q4",4039.1711622389298,4652.8983617100102,6134.5637745185204,0.0,0.0,1623.79321153722,1049.0170065473501,1722.13272805867,2491.46685739648,12.4433333333333,26.896666666666601,1539.08722553147,1493.34991688898,1975.69772283098,4220.8118399391797,4221.9824555037903,375138.57574099803,0.75847257160109904,0.73643804833787796,1.0365395041152401,0.69121237673546798,1.03062732191914,0.99972273320011396,,,0.85633659241695703,0.76580394170264299,1636.7324680879599,4.0,17.886434853802999,565.92004048438605,3505.56196745123,4093.67297683379,2771.5070108751402,2751.3132939285902,7116.0118451777698,-698.86002541613004,467667.62965526502,9292.2110447178402
"1996Q1",3824.44532605733,5000.0875974045703,5946.38404913057,0.0,0.0,1618.2767276053801,1129.7235283677201,1636.99659132489,2184.8402214499001,12.983333333333301,23.9166666666666,1608.8623740294099,1554.0428251686601,1970.7341679362801,4677.2624815544395,4531.2423878893997,386516.442177027,0.84086186766487703,0.78465159712849797,1.03013098078763,0.74925231385503699,1.03527544284682,1.0322251782547101,1.2466115938115201,0.80773715451521999,0.912278775684353,0.79624827547073396,1369.9494226966001,5.0,17.759589911090998,599.19202141737003,3972.0540634570998,4353.9915312371804,2930.6007295118002,2830.4328390027599,7505.7141985074704,-81.667159634018404,467433.29717340402,9426.3490794628906
"1996Q2",3745.47242499203,5283.6023435657999,6016.5423205370598,0.0,0.0,1613.28063657659,1072.98774672628,1709.8171901533401,2186.4453138867598,10.9966666666666,23.1166666666666,1633.7741739661601,1565.3509707554099,1957.7610939425499,4644.1497755683204,4468.2982247584096,380394.94675747101,0.87817920361510104,0.82188766973065697,1.0171007193833901,0.78200775445595905,1.0437110938626899,1.0393553746783299,1.2044344847075199,0.825132293854833,0.95239240952626403,0.85212756471250495,1245.9472515405901,6.0,17.568243453044399,611.01517315146305,3935.28396987623,4131.9984604179099,3007.1137371581099,2954.82404024679,7802.9425701233504,-275.02656562152998,470473.541358196,9157.0122752171901
"1996Q3",3793.44934010312,5394.0136275331497,6047.2698706423398,0.0,0.0,1605.3598742981701,1057.6223887409201,2009.9257504591701,2526.7158046576501,13.546666666666599,24.3533333333333,1675.5953055360401,1570.8394706109,1930.63488651292,5053.9870862606704,4792.5481846555804,385339.47246703203,0.89197501400085499,0.83686782750046895,1.0204516936766701,0.79546965541362002,1.0666878041232299,1.05455112635949,1.2637998797326,0.84282522022081896,0.93581350726176005,0.87721837878084696,1204.8626305190701,7.0,16.905079737723199,651.76738330916305,4348.5435464709399,4646.8057072557203,3382.4763985906702,3206.5467554039101,8594.4920526556707,-201.645382028,473636.95778461901,9797.4372864830202
"1996Q4",3808.9576178994298,5774.2179263007401,6260.1316151640904,0.0,0.0,1587.13591104745,1060.01160461529,1889.62164018096,2287.9564367630401,12.303333333333301,19.563333333333301,1939.72779625158,1867.1832947595699,1885.7072574194599,5514.9335502980002,5299.8761787248905,395312.600606199,0.92237963692547398,0.84984510506820499,1.0082486200104701,0.82589930901584896,1.03885237282039,1.0405778105602499,1.2214117423459301,0.87175546658230696,0.95628181774660304,0.89180956411915902,1306.73053726784,8.0,15.9028423129822,683.62327859468905,4607.3389030772696,4817.9718756277098,3399.24519703955,3234.5200637937201,8710.3079436329008,-166.36263583114101,474489.12567403301,9767.0044077583607
"1997Q1",3982.3256474521199,5938.5071505321403,6401.55423066197,1.0,0.0,1583.1946953148299,1023.72244707496,2025.1145559506001,2286.1262606850901,16.646666666666601,19.086666666666599,2105.5912694482799,1903.2694761258699,1861.1546369007799,5804.4467493685497,5611.8133253409696,400599.59503182699,0.92766645982440599,0.86917280536279795,1.0014559932857701,0.88582795743911702,1.10630223195416,1.0343264133818699,1.2143581115281099,0.888574494551159,0.98123853815102902,0.93713345811475102,1464.9568624035501,9.0,14.8964742160372,733.94502446153001,4814.9485209805698,4907.01122486841,3608.5456736142801,3364.2208557796798,9259.9012739493901,-5.0565520261807197,469363.684235722,9881.09131497419
"1997Q2",3823.6662264182801,6002.9609733345296,6341.4985022131495,1.0,0.0,1568.90508459987,1048.3934605783199,2395.1745093489599,2674.0916140702102,16.0133333333333,16.98,2129.54972710938,1950.4261569835301,1840.09884384525,6241.5706249498098,5980.4722473239799,420681.65333379898,0.94661553120914999,0.88473095707509697,0.99437397479310297,0.89569650371973797,1.0918381705887601,1.0436584882979201,1.23069396725436,0.88139281180116702,0.98629311605845105,0.96316723526580095,1343.2953076661299,10.0,14.7303381615224,792.26575785635703,5073.5123065211801,5144.0208026561004,3801.77744100361,3436.6149395891698,9747.8118392079105,-8.9840173987122292,483867.00337848702,10120.5808112003
"1997Q3",3721.0025949035598,6274.4695435947597,6390.07358905402,1.0,0.0,1555.3881945553101,1023.58753901819,2425.7205664315602,2612.2412041194402,15.213333333333299,14.6633333333333,2367.5277069537001,2161.1189646106,1820.7868769178499,6115.1450861213398,5846.1207609394296,433731.62746684201,0.98190880842791906,0.90815176440692003,0.98967044044588304,0.92859746741849802,1.0955101249506101,1.0460175792090001,1.19463942985307,0.89337697029936503,0.97279501512639899,0.96143534441071599,1454.9002178754399,11.0,14.5566361695333,841.57814032204999,5242.23426525585,5388.8375081514096,4014.19472110069,3571.3223082751401,10197.4445920452,-99.670671143650907,482027.93637794099,10606.4798338524
"1997Q4",4282.2125438818503,6550.53691356329,6528.4707409774801,1.0,0.0,1550.62368141403,1021.23511260115,2189.9815624642001,2244.4197942631899,11.970000000000001,12.5966666666666,2383.3365809909401,2204.2165293961102,1810.95462254684,6772.3011138202401,6438.4385994425702,441789.299059182,1.0033799910363801,0.92295817111082101,0.98874045742816796,0.97574507588191095,1.0812624572976499,1.05185457766213,1.18776468604353,0.88554574240542305,0.97564557332908497,0.99255369261851201,1531.73227232668,12.0,14.4165697888883,898.82283569386004,5754.1820169229504,5897.8200426704097,4209.9559150769701,3744.3835817921299,10693.414888326601,337.15020594206902,484760.63488626998,10773.6387138067
"1998Q1",4577.6727997119197,6671.6325315010599,6573.7350868269104,1.0,0.0,1506.08334571507,1014.1275238994,2697.6023119903498,2678.8807144795801,13.453333333333299,13.210000000000001,2521.5655892381201,2399.3666360225102,1761.1651499479001,6557.7006583083803,6267.8340972732904,453414.04609668901,1.0148922101942199,0.92828566684201297,0.98881561376004901,1.00698858945438,1.05092967093106,1.0462466868995699,1.19849167008371,0.87526708235169504,0.94005557111111004,0.995456934570775,1668.6411614066899,13.0,14.4623663780421,943.33317583404903,5474.0318754498903,5823.0939145223001,4363.1781610908301,3786.8591340449898,10840.7320380574,-317.03529375980702,489101.70226998097,10890.206960818199
"1998Q2",4987.0571325685796,6723.3881508987997,6606.1849044590499,1.0,0.0,1480.65710276491,1008.0247419947,2572.7656309468798,2531.6189228141898,11.5133333333333,12.3666666666666,2786.2786521338398,2590.02820404153,1717.4013661654701,6566.4595991378501,6572.7583519804202,455523.97687329497,1.0177414420175599,0.94271775756931997,0.99442676582151501,1.0162531207844401,1.07577154865961,0.99904168805465399,1.1694251361671599,0.85984256682704696,0.91668542679842702,1.00062642473543,1760.07022057583,14.0,13.7878098705336,989.63302755294103,5379.5304613332801,5868.4585835749303,4592.4817859020104,3749.09991984609,11101.342208431901,70.860143694519095,487592.937312214,11094.3924066038
"1998Q3",5323.2146688908697,7050.2572578439303,6864.9629139642502,1.0,0.0,1487.6685981635201,1014.22173934642,2597.6171481905599,2491.1177878663798,12.726666666666601,10.66,2876.1412320035201,2677.8839499819101,1709.58397279356,6626.3799988875999,6727.1629924828103,459680.89572024002,1.02699131025205,0.94680253350641796,0.99846827802280802,1.04275163576885,1.0740350536934,0.98501849981815004,1.16189625973829,0.83903723215707704,0.88872363088967099,1.0053982735170801,1835.97103755938,15.0,12.878638066860701,1024.2376144026,4934.2300935356398,5552.0410643251898,4838.59040750032,3660.9603516215798,11370.5134428565,450.61915067288101,490590.22548955597,11309.461874327801
"1998Q4",5572.31113163604,7028.47274846442,6843.6890642340204,1.0,1.0,1504.66339229448,988.32644288864901,3018.93599347085,2753.9584598992401,12.720000000000001,14.156666666666601,2496.1198785926499,2332.8484699739502,1723.67075044745,5758.0096422930501,5865.1168792009103,458724.45334050403,1.02700059609605,0.94865812887372003,1.0041456059190701,1.0962169682041201,1.0699880042446599,0.98173826044495505,1.18893265572632,0.81915961074783905,0.88295275034847198,1.00937517531164,2029.0191456574501,16.0,12.777302011737101,1042.60399427128,4553.3763929654697,5156.9876090973203,4889.2791960208497,3463.8049512993398,11371.8084548857,43.819262168179201,492080.28477538098,11266.1859861718
"1999Q1",5858.9684146812497,6745.8430081206798,6673.1249863162402,1.0,1.0,1500.2229068868801,1035.42384656592,2555.6667461850102,2599.6288965554099,13.3666666666666,14.0133333333333,2370.1065998532799,2270.1066275827802,1728.4668469232199,5043.2079878287404,5367.1930941268802,460736.76610827399,1.0108971466821799,0.94692785727593298,1.00733981549499,0.98308906689387399,1.04405078204497,0.93963602564389404,1.11735301391069,0.81077202048207697,0.86665023056403001,0.98452195209825899,2276.88436657904,17.0,13.2423917877018,1046.9664781788799,4199.8282435300698,4846.0475696138101,4739.41479940923,3261.5970153028502,10862.955810093399,12.0215264256385,492811.45326057501,11033.736512367001
"1999Q2",6249.34336755191,7294.9638088818001,7195.5992529935402,1.0,1.0,1483.46871928563,1032.1075735514801,2575.4344043084002,2434.9693787544102,13.3566666666666,12.76,2742.1113727746902,2701.8612591647802,1718.06325369866,5539.9855507122402,5931.0598789693704,480886.46284597297,1.0138090730729501,0.94784114957041599,1.00966156609958,1.0576865675517599,1.0148971800359401,0.93406333164097299,1.0854171208269701,0.83322953562940005,0.87430260884533995,1.0028020048767501,2724.3469368503302,18.0,13.620751268070601,1057.82704744997,4188.0843995546702,4790.2000487974301,4787.63608627754,3524.4911986151401,11128.092864705801,-94.571041404491496,495337.80576300598,11096.999019336299
"1999Q3",6418.1697742649403,7281.3194460314298,7070.2894140999197,1.0,1.0,1458.5488714319899,1016.17049849204,2282.3487865145698,2284.4363900083099,12.8633333333333,13.09,2384.4273300142099,2324.6644116746302,1709.0378335328001,5395.4229702826296,5553.4834375639002,502295.77672665799,1.02984743899035,0.94998447668283903,1.0067172307840899,0.99908616256382898,1.0257081917026101,0.97153850028395905,1.06264849913837,0.87488007311848903,0.91201679994854001,1.0018893395295101,2963.9063332195901,19.0,14.6480446032808,1070.6887938269699,4314.0663173905996,4730.24873843773,4684.1947093485996,3254.7435428672802,10945.7316928568,68.9349708785102,501366.23448115902,10925.090487535201
"1999Q4",6255.3813753308496,7128.8836146756803,7051.74722483817,1.0,1.0,1436.07445390677,985.95536440935598,2314.1044610433401,2276.8972545584902,13.31,14.1633333333333,2134.3013447204698,2132.0199719362799,1703.2039502227699,5381.0995897765197,5400.60662399995,526052.65017340099,1.0109386209372,0.94946079341077905,1.00363912079521,1.01634118817191,1.0010700522575799,0.99638799201986805,1.0380996320133,0.93116853211755402,0.97705021609701703,0.98690680170590495,3069.3721216085901,20.0,15.739794965760399,1062.5120290252501,4258.2490457489303,4358.2704098456497,4641.1578196527098,3244.1761904556402,10772.055196499699,496.638786941359,508970.25829573203,10914.96702412
"2000Q1",6100.3653644324504,7158.2537759955303,7212.3964531747897,1.0,0.0,1425.1491372125399,908.91641405912196,2736.56518687989,2752.3957808335599,13.7466666666666,14.6133333333333,2169.8862072134598,1989.5594607434,1693.39199365847,5882.6785743747896,5864.7276961000898,559503.41019876895,0.99249310856235196,0.95585618876274103,1.0027739016724999,0.99424843110721595,0.987414535335848,1.0030608204173901,1.0250818198088301,0.99027585677260699,0.99566709963955302,0.99648256531724699,3314.94101321676,21.0,15.749025926395101,1055.7086626437599,5204.9075434246997,5227.5580315036696,4573.1766446530301,3497.2851073660099,11490.180072630599,213.55666267116899,514340.28873267001,11530.7386928265
"2000Q2",6229.1193206008202,7407.1471795466796,7419.5003403764704,1.0,0.0,1411.0075535006299,900.64841054801502,2485.5116910546699,2524.24462677988,12.630000000000001,12.1,2197.6647300924001,2171.3505545881198,1686.66361396918,5601.9056844159604,5658.8290016419696,576614.55200114695,0.998335041409385,0.95608260078682605,0.99939497331806104,0.98465563308948301,0.99680158855023304,0.98994079566470305,1.01362322273383,0.99115907946772897,0.98355895051976705,0.99821613854499303,3556.1703890886702,22.0,16.346455374778898,1059.97956055336,4859.7458770963804,4940.9807866912497,4498.8367626015197,3575.3829917523699,11306.8402785618,-70.201147188739895,516437.51849874202,11327.046159605001
"2000Q3",6054.1364069552801,7371.1643275226497,7355.5756336259201,1.0,0.0,1402.7689663681001,891.81993398728196,2588.1724027524801,2566.3537279997199,11.6833333333333,11.869999999999999,2128.6862992565498,2187.3393056864102,1687.5473469216799,5960.3455579047404,5881.4215084253801,600659.99491889798,1.00211930305297,0.95846480714084104,0.99988909482409605,1.0085018189482999,0.99697413172286198,1.0134192132575901,1.0087915698157,1.0050588025140901,1.0066408568838501,0.99495119551079203,3831.1867688541001,23.0,16.955122516403399,1052.1352918625,5280.7415143718399,5245.9042152519596,4456.4779142137804,3589.80123488975,11281.8437264118,-134.658786165127,515560.03862162901,11339.0925879735
"2000Q4",6066.63636901065,7512.6794539389402,7484.7264766518902,1.0,0.0,1390.60049468888,884.08746865268597,2614.4357012512601,2577.25517592593,11.453333333333299,11.32,2144.1979971169499,2252.86788831887,1666.4197324955401,5897.2553298107296,5928.7084377621604,635866.79414541996,1.00373466917919,0.96121862473932396,0.99845155523348506,1.01442640436718,1.0189711230213601,0.99469477909368997,0.98629860352659204,1.01450671003479,1.00906949962472,1.00669895109049,4174.2646946542,24.0,16.651644871483398,1057.7694186410399,5113.2594552478304,5067.3015656002499,4526.2863821813298,3856.99832544131,11685.4595395951,154.25745545521201,516408.816547358,11607.70012419
"2001Q1",6291.7096560124401,7858.1086365148703,7627.4441079889802,1.0,0.0,1376.27403058339,865.85881975554901,2613.7727102108402,2665.9260817435302,10.869999999999999,11.203333333333299,2212.4174161275801,2352.4021644904001,1654.7823124256699,6553.5090064383503,6537.8857286929097,637400.10396844102,1.0302413921701801,0.95745663829216499,1.00605905043115,0.98043705266629799,0.94049285004243899,1.0023896529235501,1.01364776529642,0.99611618916421396,1.00552649523861,0.98823912397210401,4525.42565178732,25.0,16.683289401656999,1066.7366606752,5894.7297329767698,5862.3315853829399,4653.0145979686404,4027.8297445060498,12055.8650563152,229.121770546356,524400.87526491203,12199.339981459299
"2001Q2",6440.4942218884298,7700.3356060124197,7588.7125085137504,1.0,0.0,1360.4755523121601,865.73425366683205,2624.6405146991801,2668.8390886458201,10.7566666666666,10.390000000000001,2174.74986911207,2260.0953055794798,1647.3659686722399,6577.4977712966001,6565.8958180119998,631331.87008695304,1.01470909556442,0.96952043068237304,1.0103846929150699,0.98343902630373004,0.96223812497786299,1.0017670023415199,1.0034902173389799,0.99010234600459801,1.0092996506201,1.0061657136805799,4640.7351296246497,26.0,17.401451768051899,1062.05584586327,6081.1066314011596,6025.0755339754496,4623.5138488557104,4112.69892125149,12016.3004925567,-34.161181812711199,521703.319132292,11942.6654368898
"2001Q3",6647.6256126039998,7806.0915348708204,7668.2732364312596,1.0,0.0,1345.4072136836401,869.21449182658705,2628.0473311277101,2669.4273150663298,9.1466666666666594,9.5800000000000001,2195.9856172120299,2421.41465888831,1636.2843933397,6511.0365436622997,6689.2129567490001,619349.30643751204,1.0179725336057099,0.97697529873700295,1.01160302769652,0.98449855378901996,0.90690192576112605,0.97336362076693395,0.98496853309160004,0.96244114326102503,0.97297967930103801,0.99535265421899499,4958.6584961811004,27.0,17.9361710170643,1062.7829024954499,6037.56382308099,6205.2311590085901,4595.9451421764797,4193.7788140622397,12099.6335463471,-119.006139502189,520223.30966174603,12156.1272731433
"2001Q4",7168.5178395517496,8061.6314053415799,7811.9516116842096,1.0,0.0,1346.65727556049,869.33610642522501,2543.7262752382899,2660.7729129559002,7.8799999999999999,8.6966666666666601,2711.8010821186799,2911.5092676302202,1633.4396138964701,7198.3443370046998,7566.6656120117896,602612.64584554103,1.0319612570671699,0.980253678747252,1.0204342295734199,0.95601028665479704,0.93140733305166801,0.95132317272982103,0.97770948572842897,0.93228201341766603,0.92245566397259404,0.990995385119112,5094.7343351074896,28.0,17.634090139088801,1071.2125310942099,6179.9435892731999,6699.4478224124096,4658.83190522309,4354.45733800167,12430.9730987608,26.910321735336701,521877.18418595399,12543.9263244063
"2002Q1",7543.6487195441496,8242.2001340994702,8009.3132481577604,0.0,0.0,1372.78001532915,862.91311161081296,2723.9425693415201,2592.8745843650499,7.9766666666666604,7.7833333333333297,2308.3536094585402,2574.6523729598198,1636.5452928216901,7121.3642666420501,7569.17909369483,598347.42314863601,1.02907701056582,0.98321564841526499,1.0230402304714601,1.05054929604648,0.89656904120413605,0.94083706812726697,0.95861849069288096,0.93543672309437298,0.92788565146348501,0.98562056809029097,5422.9771703487804,29.0,16.0382995979047,1114.41014228925,6375.49873223758,6870.9961428781398,4966.9990700255903,4068.07630179137,12521.447456403301,225.468310270758,518953.40013236401,12704.125564936699
"2002Q2",7614.1931505534703,8271.7838993935802,8072.7128461560596,0.0,0.0,1410.1011671717999,870.408713642968,2573.42334903134,2624.5272085513402,7.4666666666666597,7.1133333333333297,2726.36360528368,2878.73785738892,1633.1503482793501,7761.1422139399701,8136.7727354813396,613451.14348847,1.0246597466095,0.97372856680042097,1.0223098213100299,0.98052835598217702,0.94706907691711495,0.95383544142711596,0.96332303401641495,0.94786765973699205,0.93280238644577396,0.99908439409956495,5457.3177196970901,30.0,13.4299352988285,1110.0397244391099,7004.8036809646501,7509.4186965524596,4875.91916708392,4567.0928158175102,12924.5772875492,-12.201921348649099,522976.58316800999,12936.4219518188
"2002Q3",8096.3514017309499,8332.1008736511703,8254.7810374628207,0.0,0.0,1424.10790862877,871.18184018144098,2807.2756367186398,2764.7273903051901,6.9866666666666601,6.2833333333333297,2763.1743918828702,2864.02665679855,1629.60239672528,7560.8793683985996,8080.0533449701497,613962.88609732501,1.0093666731846,0.96880774784331802,1.0282504142509299,1.0153896715324,0.96478654810133102,0.93574621918867296,0.94879894027348299,0.94317303034593003,0.92247605532054,1.00318268507174,5663.77968224507,31.0,12.546881938547701,1122.8093234473299,6867.23617301388,7444.3516808982804,5031.5708359771597,4711.00718025269,13226.0809782916,-63.713344353491202,524548.79413555295,13184.1200761412
"2002Q4",8669.0382962277399,8368.0309676790002,8136.9198741899299,0.0,0.0,1415.3051618335101,880.80534443162298,2777.2779122023098,2786.9266187857802,6.9733333333333301,6.0533333333333301,2861.3539659723701,3089.88794284087,1621.64210592263,7892.0081731242099,8425.4772048063205,621229.62696489703,1.0284027736615799,0.96905969282470905,1.0321608870997001,0.99653786844675696,0.92603810199719305,0.93668381995291805,0.93947363493429303,0.94222007932503105,0.92269767427673899,0.99864968004931098,5835.7921574750899,32.0,12.7959374768699,1126.42313767465,7151.3243462778701,7750.4523373633401,5174.4955948571396,4573.2040858226201,13284.876630623099,-35.869847875101101,521706.41496598203,13302.839720498499
"2003Q1",9229.0402100349202,8869.9133339015698,8665.0088329043192,0.0,0.0,1405.7741438607,895.34835208067102,2745.6400218529002,2633.0809742994702,7.2833333333333297,6.2333333333333298,2538.9941209527001,3011.4441304451898,1608.68998264468,7909.48870689676,8407.1361692615101,624592.89632738603,1.02364735050461,0.96829040502406305,1.0341232468028401,1.0427480387622201,0.84311513379375003,0.94080654192514701,0.92833881540917396,0.975106512810201,0.96597731604829595,0.99766958439907005,5886.2493445797199,33.0,12.729978498778401,1151.5677915414301,7707.3734673629797,7978.8348435478501,5364.3216762524899,5078.9247402916199,13974.359313106999,125.768835867889,519271.52661671099,14007.001447803201
"2003Q2",9788.0986610089203,8994.1555782183204,8841.2056712102203,0.0,0.0,1462.9321702270099,905.72415887646503,2871.5490751285201,2866.82555449442,6.4966666666666599,6.1566666666666601,3006.4212357239699,3484.8432119556901,1690.1752437852699,7697.2422192922604,8507.2580446579104,609052.92949161504,1.01729966621024,0.96641594236259198,1.0365855609411001,1.0016476484335399,0.86271348604999898,0.90478532317774196,0.91484867326271402,0.91192171543515599,0.89528122378691399,0.98877577644135695,6195.572311164,34.0,13.310682759666699,1162.99229486132,6620.0067046780496,7394.3321146358303,5526.3322601514201,4908.7177106220297,13967.7501320378,46.358451769949099,518334.14180211897,14126.306959408201
"2003Q3",11468.1259261955,8988.4225319368506,8910.0859448161391,0.0,0.0,1441.6172028086901,913.30459127403503,2812.4367102965298,2819.1117448916698,6.4899999999999904,5.4633333333333303,3366.8237769233701,3898.97354306129,1641.35706838233,8197.3050444095607,9117.6363037010397,615755.42832038295,1.0087919002808501,0.959382247791431,1.04291069006199,0.99763222064281898,0.86351542008153703,0.89906032346147602,0.92386843111378503,0.92423691523381601,0.89639795360996599,0.98326768851998703,6373.48402578064,35.0,12.2702715158423,1169.23886530864,7236.1434766329103,8072.4676439650202,5632.1902516269602,5114.0467474581301,14288.398203128199,-51.458040500883698,522313.50798811601,14531.5445325322
"2003Q4",12824.568569663599,9466.6766227757307,9403.4606465484794,0.0,0.0,1439.8004177820501,923.47203159268201,2824.8611819388998,2886.8009872555099,6.7733333333333299,5.4733333333333301,3405.8722177752802,3766.8191973602202,1625.9433044485399,8608.6594329346208,9539.9087560451408,627778.98935283197,1.0067226288919899,0.95669406993927597,1.04032566884001,0.97854379100254596,0.90417724858206805,0.90238383333379102,0.92344494398230204,0.94017578118459899,0.925782998737262,0.989250832773935,6393.3546503246298,36.0,11.406414265176901,1186.1869420748999,7606.1508980307899,8215.9111891289103,5681.3208013652902,5207.3123384307401,14613.8762355327,39.586872965119198,523959.62588393199,14772.670137213099
"2004Q1",14257.399467907,9570.6768089945708,9675.3422224177993,0.0,0.0,1427.15857806076,935.74434244773704,2893.96237260917,2894.1136324549302,5.7166666666666597,5.4100000000000001,3774.2063402113799,4337.5038348920898,1624.14125722933,8633.0420644585593,9609.4411824566705,636997.41047856805,0.98918225205711896,0.95768039612974198,1.04531545592777,0.99994773534664805,0.870133257255155,0.89839168589941898,0.91086524700814497,0.95824813995104396,0.95142027037390198,0.99064949007611103,6445.6200622399701,37.0,12.175056482388101,1172.6477106028799,7468.4770128682403,7849.8191024805301,5913.4760168171097,5344.7584430617499,15005.535022166399,-0.16883568117918901,527159.02820121602,15147.1687741075
"2004Q2",15970.275202777901,10010.0243153426,9940.5509157260203,0.0,0.0,1429.33322386027,941.29898978673305,3051.6541515829499,3007.7180834094402,6.7666666666666604,5.4666666666666597,3507.2364534170601,4370.7851715418801,1618.8392837977001,9067.7759929729691,10017.332617264001,664553.67436734703,1.0069888882623801,0.971323970328275,1.04896451761307,1.0146077747166,0.80242709622349395,0.90520863581443201,0.90598644050361099,0.98293992060393098,0.96520464170839404,1.00399211202024,6566.21189417817,38.0,11.639925147515401,1224.65991062234,7643.7983989303202,7919.3552005727397,6228.7920689660104,5545.7114372981796,15346.2391909324,64.142130903921498,526712.63518212002,15285.21888489
"2004Q3",17222.174566752001,10415.508873806801,10219.430176379899,0.0,0.0,1436.1309103477099,949.12466194820502,3074.4566325292799,3087.0042819333198,6.4666666666666597,5.5,3353.5548714096299,4193.4875184607899,1614.5372010978101,9575.3739826024994,10608.262943641401,683477.75561096298,1.0191868523041601,0.98191778274292396,1.0511256014152699,0.99593533138989299,0.79970546153921596,0.90263354457498401,0.89798596623059401,1.0035635561245799,0.990371288785166,1.0206219875165099,6751.6708646049201,39.0,11.2261206320954,1252.83535557662,8404.1521981016103,8485.8600943596903,6380.6262916031401,5645.5268975449399,15720.391435555601,25.236866240600602,525733.34300529899,15402.755993732901
"2004Q4",18193.184913035799,10492.7011726038,10249.282108809501,0.0,0.0,1452.12006837378,955.255031193832,3076.1603954277598,3144.7703354565201,7.7333333333333298,5.2266666666666604,3720.5413334718201,4298.4920961082798,1623.81749472977,9746.1670577115001,10690.1545522373,702679.99962612905,1.0237498647427199,0.98481600730546803,1.0487122079629201,0.97818284557851398,0.86554569609195697,0.91169561769074303,0.889895664352927,1.0309129105345201,1.02932091941075,1.0396463528570199,7246.5438930058799,40.0,10.420543662245001,1285.2638543640601,9027.2337230494904,8770.0867171894206,6632.4890404796397,5984.01616932658,16447.2137942626,47.5314628976721,529574.90377328906,15820.0081682241
"2005Q1",19669.616171448801,10620.194719523401,10520.1073032312,0.0,0.0,1461.0900093893699,978.57162113530205,3157.6740274676299,3002.5347184053098,6.4966666666666599,5.1466666666666603,3849.34309726109,4311.2839470098297,1615.41265040487,10107.567817952,10997.3082046462,688666.73829226894,1.0095139159142801,0.98857659770762396,1.05552545641093,1.0516694471878401,0.892853067571868,0.91909471207524196,0.88952341622419795,1.04860210268201,1.0214853094010301,1.0469191219214899,7516.9121658506101,41.0,9.5350733950469007,1299.4033770799001,9273.9798884983502,9078.9165572398797,6890.0049136255102,6135.9405378782203,16831.309881981699,161.45723383817401,521942.994946772,16076.991555078201
"2005Q2",21862.6418093231,11411.7251893021,11200.083434129099,0.0,0.0,1463.8049436051001,981.62979225766298,3325.7684644047599,3144.2019058965402,8.1099999999999994,4.9666666666666597,4196.1702737287897,4188.9261619920499,1604.9721078745099,11272.778142236901,11922.1289262996,727219.01316758303,1.01889644451469,0.99456612196275196,1.0532677801841399,1.0577464691970599,1.00172934815668,0.94553399077657396,0.89334185845759595,1.0849046514984,1.0268589075471599,1.07391659219748,7873.8824377354504,42.0,8.7971177558122093,1337.7511307442301,9748.2487260052403,9493.2698682924802,7188.1746632715103,6341.2183378756599,17595.906950321201,280.44603863123098,535018.885845265,16384.7984826418
"2005Q3",24628.908229784902,11792.8475086955,11479.594653573,0.0,0.0,1477.5678297489401,994.07438094997201,3319.2623559447802,3189.7257795403798,7.1766666666666596,4.7800000000000002,4594.4800626242304,4261.4902366245497,1598.6816422561899,12010.597570054901,11940.1043650879,747152.24559128203,1.02728779757262,1.0033575447980201,1.0557776630962601,1.0406105682297999,1.0781392910719001,1.00590390191003,0.91804095402928398,1.1339939497051601,1.07421757653356,1.09095682083165,8285.4458996904395,43.0,7.6050936720464799,1367.36482288618,10539.078999691799,9810.9351679952906,7456.1590264633096,6652.9885861804796,18316.640444877401,-12.122313752923199,533066.67524892604,16789.519158892399
"2005Q4",29643.4678441629,12381.7797636538,11804.5073518626,0.0,0.0,1492.9078050431001,1009.71627682923,3591.1559538663801,3231.3471599691502,6.4533333333333296,4.6033333333333299,4542.8123881240699,4182.6913388876801,1606.68255375331,13053.340275389601,12783.2369605735,770845.98815852497,1.0489027110225,1.0132509342372,1.0580314460754301,1.11134947007695,1.08609792596652,1.0211294929171,0.93025339755749903,1.1663338796443301,1.11839340181071,1.1108607844316001,8572.0937398219194,44.0,6.9701531411282103,1426.37662811725,11753.104831998,10508.9182509208,7773.7071645453998,7004.7882103459697,19071.676997034701,224.15008884247001,535124.89972826303,17168.377229909202
"2006Q1",33051.879409856199,12024.4559902357,11497.3498686115,0.0,0.0,1498.6181017372801,1021.2608222671,3649.2040017272798,3265.2699785049199,6.7366666666666601,4.4100000000000001,5588.9888077405303,4708.1140967744304,1591.7625078752001,14058.8823236363,13344.336657448201,805980.27118982002,1.0458458799330099,1.02120020323287,1.0588175443394501,1.1175810961267401,1.1870971460886199,1.05354673555761,1.0074097459881599,1.18710387415661,1.1209539261383901,1.1149105142346201,9330.41579785252,45.0,5.9771343625489903,1469.5114268648299,12265.898787358199,10942.375508343401,8171.5481342665398,7058.1954474624299,19497.034785698099,418.76054243665197,540238.04503547796,17487.5333372227
"2006Q2",36855.800507239102,13066.8842052457,12262.5355912292,0.0,0.0,1494.6989458645401,1022.6826289970101,3560.1451654509701,3190.2264862010902,6.8533333333333299,4.7000000000000002,4886.12874394953,4108.7800813827598,1587.1415753372301,13936.813035294899,13131.8715197562,814309.93502990401,1.06559398813013,1.03055727233756,1.05915833560981,1.11595373583973,1.18919208309274,1.06129678578774,1.0230024052486899,1.19424392068852,1.1170859728778999,1.12872894578057,9712.3371928920806,46.0,5.8294426707254399,1529.6057768621899,12375.718474039901,11078.572978726799,8440.3045336782106,6961.8575075635899,20082.029967033999,283.47692070775099,543805.37053368601,17791.720538491401
"2006Q3",37918.545838420301,13901.5028908595,13047.8479286695,0.0,0.0,1496.09150943503,1030.6222090256599,4376.0369621126301,3286.2513582010602,6.9866666666666601,5.0599999999999996,5464.6902055974897,4610.0080898558599,1591.0146325982601,14658.2589923212,13820.902532918401,826850.41205809999,1.06542496255756,1.0427547775281101,1.06184867377601,1.3316196739460999,1.1853970967257701,1.06058623576922,1.02732445494861,1.1994751067340099,1.1258993712389,1.1760097207375499,10301.0314560272,47.0,6.0061441545284797,1636.5495063931501,12117.4523415609,10762.464791349201,9154.7608062948602,7223.5981558930698,21132.1434196054,83.691541850679599,548220.36134189495,17969.361177007901
"2006Q4",41027.137316207001,14143.066904585799,12956.363509237,0.0,0.0,1506.7528674915,1039.3227869766099,4307.7921958474399,3308.96579794232,6.5599999999999898,5.2699999999999898,5945.5381343933695,5088.4529037373804,1582.1854416921799,14726.4389226936,13957.583064988699,847404.88447899197,1.09159232021413,1.05522010109301,1.06438617768017,1.3018545548359,1.16843729260547,1.0550851715605001,1.0390825912450099,1.1826975127035599,1.12007339566413,1.18669843564342,10945.7050628672,48.0,4.6995370192486003,1701.1796234503399,12139.903561417899,10838.4893422272,9570.22161510763,7370.8568970185397,21846.2956108939,174.618337170595,555522.29191207001,18409.306825325799
"2007Q1",45500.319696430299,14860.337353883,13586.642038600299,0.0,0.0,1521.5065672176299,1051.01322978141,4211.0237069520399,3369.4001157254002,6.4899999999999904,5.5933333333333302,6904.28962883855,5112.3177464852497,1593.88827862619,16070.358864272001,15037.569344801001,863878.51926072198,1.0937461450492301,1.0648731254058399,1.0765198004615999,1.24978440147214,1.3505204432148701,1.0686806155828601,1.0529247963425601,1.2000815336381101,1.14363291313621,1.2129604084680301,11701.1367563808,49.0,4.6612939929624302,1775.03603984756,12846.174228685501,11232.7776519278,9896.8882044920902,7587.9787328546499,22847.764668414598,572.79653151094999,558880.39543966402,18836.364739448702
"2007Q2",49782.145234880001,15283.3334066689,13795.363784585399,0.0,0.0,1537.52476077708,1070.6738324425701,4332.0740628867998,3340.15559272165,7.2133333333333303,6.2666666666666604,8027.9223023156401,6117.4516768685198,1607.7141526836599,16783.157390927499,15443.1773994217,871609.52553105901,1.1078601220901501,1.0804567462718799,1.07876464500013,1.29696774375618,1.31229844163232,1.086768412798,1.0659446370924399,1.2484093130659599,1.17017341370079,1.24498848577059,12788.3326274514,50.0,4.3020561028834097,1840.80652877746,13268.3639335361,11338.801393182899,10533.3199938951,8030.24808103536,24130.230624625001,233.295548175319,557170.54729072098,19381.890596112102
"2007Q3",54981.606307220398,15852.8718102312,14017.802613469599,0.0,0.0,1543.0904342660101,1078.0119082454401,4525.4805392425797,3348.9814319263801,8.3833333333333293,6.9366666666666603,7395.7521881706498,5680.3406951072802,1610.4636693917,16831.395371756,15330.809934765501,893637.05815440603,1.1309099041670201,1.1044434579001201,1.0835632033734801,1.3513005763783701,1.30199095179993,1.0978803757515501,1.0761802419767901,1.2635443493241401,1.1574932247890199,1.25556696599469,13955.8416403275,51.0,4.0969004014332198,1926.24073909135,13858.2325713719,11972.6252167894,11199.3247611267,8104.9927571815097,24850.081129076501,102.980123595538,561285.23369547096,19791.920146122698
"2007Q4",58747.377460074502,17148.124369025099,14549.976877844399,0.0,0.0,1534.3974742585399,1084.6477559054699,4718.2755101062503,3424.7871333339399,9.6133333333333297,7.7933333333333303,7602.35025791115,5580.6398195498596,1599.8103362107299,16841.238653180899,14721.2583938238,908661.14501292096,1.1785671216520599,1.13831240632761,1.0843470807205999,1.37768431333515,1.3622721594178,1.1440080869884399,1.0893684530326599,1.38346150112855,1.2176185197898699,1.29918490410012,15441.8432292653,52.0,4.0992617779466798,2019.89376938394,13321.8248364503,10940.8855236115,11891.491480979301,8135.8588968638796,26025.388781669099,257.05892871779997,564249.25448896002,20032.089889233699
"2008Q1",63140.461947312397,18240.965075266598,15053.0980700214,0.0,0.0,1524.16845046711,1088.2589920549401,5049.6474431943698,3488.6764807120699,9.6066666666666602,7.8300000000000001,9011.8378059471106,6353.0363268528499,1595.1203149984001,21121.6554070124,17775.430205002998,934763.087117697,1.21177481143193,1.1774625347935701,1.0893825149407499,1.4474393000074599,1.4185087794722799,1.18825002621132,1.0974140461711099,1.4599073795808499,1.32558989444574,1.3671237295205501,16837.686739176501,53.0,4.5742206958410296,2195.0263703440801,16362.660143146901,12343.6820178751,12297.511603815699,9446.1619573739208,27688.413360522001,789.97861271037596,570820.91750401503,20253.0413031688
"2008Q2",67227.824406076601,18404.909939380599,14846.0203454324,0.0,0.0,1519.1564831958301,1081.79478563522,5234.3336203230701,3526.1755554092701,9.7400000000000002,7.5700000000000003,7262.2412990256298,5590.12612796132,1595.9014417073599,20699.524900342301,17298.030664954302,944787.99874894798,1.2397201075534701,1.21075950857225,1.0942950759838099,1.48442229777624,1.2991193995964601,1.1966405483532501,1.1116409943149901,1.52039858354397,1.3458561753956499,1.3876115164053699,17657.636217272,54.0,4.7336951135319598,2256.2205664674998,17316.306388628102,12866.386992308,12715.871061927801,9697.4598129637307,28277.186616347899,847.638112130011,575631.72815926501,20378.316468286699
"2008Q3",70185.707443581894,18335.143467152298,14689.7818398567,0.0,0.0,1520.0286582299,1072.73586828406,5455.38353139025,3516.7813044442801,10.6933333333333,7.7133333333333303,7127.4114726199396,5443.3622837635203,1620.4487168876101,20584.365111892999,16975.4567894434,966280.23781084898,1.2481562808104401,1.23414934113771,1.09845848369198,1.5512433271002899,1.30937665014133,1.21259565307803,1.1329274071491799,1.5792824362509701,1.3359565726354801,1.39080693304659,18779.416790331801,55.0,6.1863671092656602,2289.7957434661698,17788.071027616599,13314.8572281249,13248.723748279899,9268.9342235873501,28269.594000177902,336.711722276297,569039.33477919502,20326.0375890223
"2008Q4",70040.396784312295,17739.914406027499,14099.9824199795,0.0,0.0,1516.9754323693501,1046.3829642896601,5523.562511262,3525.89619496257,10.9033333333333,9.4199999999999999,6010.9556786169896,4661.0987354573999,1645.8009665346101,16890.6156766235,14608.3170765223,881336.10295887198,1.2581515265501499,1.2449901095583,1.10857083833107,1.56656980405534,1.28960058985473,1.1562328219017901,1.12599185108697,1.4497991860483801,1.2521574419335499,1.3905830899946101,19862.990918482599,56.0,7.7105841920068103,2285.35604244668,15121.230408568001,12076.1414676561,12745.4874139192,7842.6984210547198,27237.8687936971,-167.429372577869,554612.98266827501,19587.372368955399
"2009Q1",69345.690300916394,16637.638397651499,12780.2576036054,0.0,0.0,,,5464.4056315382304,3557.73013784453,14.8533333333333,8.1566666666666592,4511.5668018717197,3593.6115031292502,,12697.139042320699,11902.375748494,792748.34613264201,1.3018233993153501,1.2789764888269499,1.10710738494967,1.5359247103685201,1.25544088389719,1.0667735005700201,,,1.1571417876021699,1.33488204523766,20105.9765294709,57.0,,,12174.7947898891,10521.437321106199,12879.128498198799,4460.2439160153899,23407.796887776101,-1015.18120587597,532998.13361169002,17535.479611315401
