"obs","AKT_R_SA","BP_IM_SA","CN_N_SA","CN_R_SA","E_SA","E_SAL_SA","G_N_SA","G_R_SA","I_N_SA","I_R_SA","IK_R_SA","IL_M1","L_SA","LT_EUR","M_N_SA","M_R_EU15_SA","M_R_SA","M_RU_USD_SA","P_CN_SA","P_CPI_SA","P_G_SA","P_I_SA","P_M_EU15_SA","P_M_SA","P_X_SA","P_Y_SA","T","U_SA","UCC_SA","W_B_SA","X_N_SA","X_R_SA","Y_KOMP_SA","Y_MISR_SA","Y_N_SA","Y_R_SA"
"1995Q1",420.00966107505701,3436.9870679999899,3866.1650804948499,5198.2290697171902,1641.48146679873,1170.0205395379301,1488.7379235895901,2470.5439579876102,1615.7872239127701,1566.3130595719099,1227.97996709269,28.286666669999999,1947.340913,5.0932000000000004,3729.5228365254502,498247.91190000001,3693.0909042206399,18366.30071,0.74374657765999197,0.59613394933360897,0.58301789150910499,1.04039802523199,0.926167026,1.010358098,0.80748865999999997,0.66551705491355895,0.0,15.701571381338701,,420.90313644866097,2783.1327995929,3448.5415349999998,2244.5539038653801,1371.8153904532501,5957.5160964398401,9072.2132866519096
"1995Q2",-239.312864566672,3565.9617560000002,4150.8501090805603,5526.4516292041599,1633.04215494303,1080.79751171715,1479.2511429078099,2424.79183817586,1400.2117796847999,1243.4886953134701,1425.6979081452901,26.65666667,1970.0397069999999,5.3239999999999998,3697.9742944712102,504447.12809999898,3638.0076564670899,19664.139449999901,0.75108774808516698,0.63507123198672,0.60990961626650797,1.1253964119450699,0.92452731499999996,1.0165758380000001,0.85443802400000002,0.69932167282469504,1.0,17.030382578341801,15.2786059783017,466.90183080254201,3125.7540047461998,3627.57467,2403.0934573623299,1622.0305337336999,6414.1779382671402,9127.1955244915498
"1995Q3",-374.24433300332299,3592.6755509999998,4389.5450431044601,5775.5960762858904,1619.5720492026801,1061.5890006535999,1652.0029234338001,2558.9433506932901,1597.6923999293499,1161.47835758356,1265.8038004463999,27.24666667,1971.8731600000001,5.24969999999999,3937.0030432079402,505307.68699999899,3944.7070055092199,21400.844639999999,0.76001593344236096,0.67645263343179496,0.64710548286948699,1.42164693014705,0.92313910300000002,0.99645771100000002,0.86750004800000002,0.78179574029292798,2.0,17.972207246101,13.0734660864712,509.43472475241902,3346.2096690050998,3887.2978950000002,2571.0957468501801,2078.3763238089,7089.5430264568304,9168.6897839130397
"1995Q4",-997.50400410300006,3484.8843550000001,4643.4423650454501,6096.4843510636601,1623.8006206282801,1049.0168180307601,1948.55206494513,2951.8928100426601,1459.6649299722101,932.40415843621599,1496.3739551215599,26.896666669999998,1975.6981310000001,5.2693999999999903,4220.7955747801398,511531.21899999998,4221.9936609463502,23020.708910000001,0.76165903128010204,0.73643838341734902,0.68188269339602603,1.4663755966099701,0.92770362399999995,1.000013088,0.85325657499999996,0.76724354640125003,3.0,17.8865267291817,22.110694400090999,565.91932953998901,3484.2147519008699,4093.6676849999999,2771.5074229452598,2090.1147505551298,7336.0376398099197,9418.9211361785201
"1996Q1",-163.131755383567,3316.1849750000001,4995.9408318370097,5911.3500036707501,1618.27893290003,1129.72360538258,1888.0978779954,2447.0276756319499,1528.3040533952201,1459.65782573769,1557.2077121218099,23.916666670000001,1970.735015,5.1493000000000002,4677.3469974218297,522961.79350000003,4531.2488087289603,22609.485639999999,0.84514380450061199,0.784650649829439,0.74404930045880402,1.05102236627246,0.931374064,1.0320497319999999,0.91193977299999995,0.81747498424412901,4.0,17.7596112734449,14.548569799548501,599.19137295045402,3973.4598496281701,4353.9858210000002,2930.60180722519,2287.9885228398798,7730.6226833463497,9575.1906483119801
"1996Q2",-369.685622144901,3217.3081539999998,5293.2729676331501,5981.7000992420299,1613.27126874648,1072.98786381115,1955.24057517444,2489.4553456784502,1523.5430386491801,1399.28184238054,1568.49143829472,23.116666670000001,1957.7598579999999,5.0179999999999998,4644.1084391718296,520427.63250000001,4468.2750147909701,21824.379420000001,0.88491112556844598,0.82188756007396302,0.78757260159327602,1.09107324841431,0.93337098100000004,1.040694679,0.94745317600000001,0.85894078037449095,5.0,17.568212087168501,15.7307416156599,611.01635102184002,3942.91839400238,4132.0011510000004,3007.1135853252199,2463.9624982179598,8043.1061841765204,9333.6873972793201
"1996Q3",-332.465778634662,3172.1187500000001,5420.8216804523499,6009.8660406967201,1605.35616746409,1057.62226081942,2254.59000365355,2787.9139433720002,1879.19330422796,1455.70965761705,1573.9526102647401,24.353333330000002,1930.6347760000001,5.0968,5053.9616028124401,528234.00210000004,4792.5532065710004,21599.685310000001,0.90198710649196401,0.83686865662544296,0.81009774142506896,1.3292276808071299,0.92588788799999999,1.0519555469999999,0.94750080699999994,0.90487524302844302,6.0,16.904949351639999,17.465904031216901,651.76953824048599,4365.9830600920004,4646.819391,3382.4766527766801,2790.7569757975202,8886.9763074581897,9893.5330001277998
"1996Q4",-334.66890345843501,3105.8365429999999,5757.66359098061,6221.9721658827702,1587.15040888969,1060.01138201494,2113.9025438517501,2601.8716862615902,1991.0185677014799,1675.4223106468801,1870.8985201353,19.563333329999999,1885.7075,5.0476999999999901,5514.89861632272,540667.23490000004,5299.8910327009798,20869.857980000001,0.925375980071379,0.84984575320960198,0.83586222396997201,1.1313143786102,0.93807205199999999,1.04107324,0.94933637299999996,0.89337307418395495,7.0,15.903030886145901,18.649906449610899,683.61997580725802,4574.5551850571901,4817.9624590000003,3399.2422245011298,2739.9272302652298,8922.5821799757105,9878.1448951202401
"1997Q1",-97.539785876138893,3254.9891299999999,5936.7966904462,6360.2711415841504,1583.1958635380399,1023.7228504352,2231.5567298301798,2458.6194123728201,2319.3135747487299,1875.4700149496,1907.2649232066799,19.08666667,1861.155788,4.7159000000000004,5804.6230322562596,545822.12730000005,5611.8303883858898,21292.645479999999,0.93341880531330901,0.86917096606323396,0.875454481177668,1.21720461415436,0.94057324200000003,1.0336791540000001,0.98165341100000003,0.96032310033759005,8.0,14.896474619737701,11.658372373789399,733.94022724223203,4821.7140795264704,4906.991798,3608.5510106996298,2911.62976624356,9420.3020540312209,9923.7771009016305
"1997Q2",-187.534881611592,2892.3435979999999,6033.6314670322399,6300.1221086810701,1568.8900141756999,1048.3938167901799,2608.1573097958199,2934.58592045362,2405.2858885697301,2011.18171553097,1954.31376992576,16.98,1840.0983080000001,4.5739999999999998,6241.4534754850802,578831.71840000001,5980.4205708958598,21760.569469999999,0.95770071800963497,0.88473088345031103,0.89424702528358202,1.21541447262916,0.94114594500000004,1.0463723890000001,0.98478227200000001,0.969770944276094,9.0,14.7302033450155,15.546170513564499,792.27347864904004,5088.5518516615102,5144.0367180000003,3801.7717025596098,2964.9702950146998,9884.42280797477,10165.103064553001
"1997Q3",-208.08220528769701,2908.9225350000002,6278.89354811261,6351.7942808490398,1555.3831391395099,1023.5865258427,2618.9966618837502,2812.5353170080598,2262.8394640244901,2073.08116699931,2165.4166759478699,14.66333333,1820.785382,4.3733000000000004,6115.11790162531,589507.69739999995,5846.1367987522699,23609.23878,0.98852281268676701,0.90815377920524099,0.93153411627821103,1.11043570336596,0.95130122399999995,1.042596496,0.98238939999999997,0.97237944786182995,10.0,14.5564274706304,14.0217830948623,841.58716082688898,5247.2767642556801,5388.8652389999997,4014.2041811602198,3129.1529894404298,10336.956928632901,10664.392508765
"1997Q4",172.55740541489601,3250.337282,6541.15845100356,6493.1149576944199,1550.6474276875099,1021.23489101466,2370.5760033274701,2470.1229765529301,2891.8377346715602,2386.3787958298299,2208.4910359394198,12.596666669999999,1810.9552309999999,4.4935999999999998,6772.2469308855098,602968.8014,6438.4596782650697,25086.723760000001,1.0073991441122101,0.92295923222345999,0.98205561208088399,1.1810029977904,0.94826585200000002,1.0524177480000001,0.967503047,0.99215625627255699,11.0,14.417145588331101,10.544984710154599,898.80949923173205,5730.0937234930598,5897.7855650000001,4209.9480115981796,3282.0446113994699,10784.137433572199,10803.612262336601
"1998Q1",-364.78704064491001,3255.8394800000001,6683.48465739725,6529.2346601482304,1506.0853123018701,1014.12884232982,2912.5792275157501,2836.8498817997302,2528.7283171988902,2075.6581544532701,2404.6294654332601,13.210000000000001,1761.166532,4.3471000000000002,6557.9802229703,619999.84900000005,6267.8625124620203,24063.146430000001,1.0236245142467399,0.92828140881389798,0.99276599719287595,1.1700266200820699,0.94090446699999997,1.0450023369999999,0.93944452000000001,1.0053318085041101,12.0,14.4624213884876,11.988011262396499,943.31403986049202,5479.1624860163301,5823.0492119999999,4363.1847243952998,3187.74885752207,10896.4667217222,10961.113666274299
"1998Q2",-58.481553827579702,3502.8013230000001,6746.2581146582697,6558.9362457342904,1480.63133969296,1008.02569823491,2806.65281946697,2753.7917199493299,2868.16265684674,2652.5454561946399,2595.1300302110799,12.366666670000001,1717.401918,4.4015000000000004,6566.2692082860003,634746.21730000002,6572.6791633110097,21836.573789999999,1.0285597941351801,0.94271714449482202,1.02836392276846,1.10890916213223,0.92648026000000006,1.0029829240000001,0.91897738299999998,1.0082289830582001,13.0,13.787015242642701,12.203920029681299,989.65151311941702,5392.1040652233896,5868.5250999999898,4592.4631261231398,3318.2063498399698,11278.2248380772,11145.2223787561
"1998Q3",318.05475645302801,3640.953,7026.76387061485,6823.0008165407799,1487.66359715879,1014.2195405961201,2825.1833904220398,2701.3761626534101,3093.0280707811798,2914.6281742832898,2683.22474510336,10.66,1709.581025,4.4706999999999901,6626.3585132710105,645091.92539999995,6727.19412002227,17362.24783,1.02986414036183,0.94680830753460499,1.0445155631296701,1.0801479776965399,0.91329643999999999,0.98130037699999995,0.89417700300000003,1.0051807676531599,14.0,12.878213092735701,11.045178042878,1024.28929978121,4924.2767522715903,5552.09295199999,4838.6107169001598,3234.9736881702001,11405.390865077999,11350.5553127283
"1998Q4",-33.110664102658099,3704.932644,7039.9999185258002,6807.0580687978299,1504.69825180873,988.32312223680196,3156.4287127272901,2946.4718134886102,2363.1333345139801,2290.14632472729,2337.2611672236899,14.15666667,1723.671124,4.7077999999999998,5757.97565790926,651412.71340000001,5865.1414094789798,12015.0358,1.0342206350193599,0.94866069919139095,1.08792563452799,1.0046383079400401,0.90213842600000005,0.98189721200000002,0.87673904499999999,1.0034634345140701,15.0,12.7789678823495,14.4025172577209,1042.5446143061399,4559.1917020335604,5156.8797009999998,4889.3155066934696,3177.4930020003499,11427.2558355157,11349.418676928501
"1999Q1",-226.59358073915701,3948.9029869999999,6776.7911276770701,6680.5363327298101,1500.2295587200999,1035.4315808874101,2766.0810021141601,2964.8936637465499,2233.0844173066698,1925.0526367800901,2275.27134912465,14.01333333,1728.4687120000001,4.4874000000000001,5043.4254958258998,657393.39049999998,5367.2233695043496,13045.981299999999,1.01440824361296,0.94691694635942703,0.90889898975567196,1.1202758004031801,0.90011078700000002,0.93832149200000003,0.86587818100000002,0.97806726722611703,16.0,13.242930809223999,16.2700510452777,1046.92031997716,4201.6418298695398,4845.997316,4739.3278986007299,2724.9880922171401,10785.2188928547,11172.881711357501
"1999Q2",-304.29269339529702,4145.1478989999996,7309.6977316131497,7207.9307788117003,1483.43356381075,1032.10684258583,2733.1613004217502,2741.4316215905101,2491.76882702274,2462.5373616829602,2707.15371490608,12.76,1718.065388,4.2286999999999901,5539.8216923087202,676340.85510000004,5930.9647995158903,13187.045969999999,1.01411874724166,0.94783984349347405,1.00454643400957,1.0436474906253199,0.91422677500000005,0.938535491,0.876338795,0.99676084635399198,17.0,13.6175622770958,10.874229507848201,1057.8862441546601,4181.6043815176799,4790.3423810000004,4787.6645705409701,3100.1135455849198,11250.541649012601,11211.6010033971
"1999Q3",-252.14486699067899,4262.2705930000002,7277.1514042093904,7087.7197057731701,1458.5101526762101,1016.16682257398,2477.6657619716998,2654.49419784457,2247.5113006168799,2172.2705258911101,2329.2730129225001,13.09,1709.0336629999999,4.1943000000000001,5395.4062529877901,696150.20200000005,5553.4636553608598,12851.242560000001,1.0267267479951101,0.94999554676141795,0.93186343840410402,1.0385507131346201,0.92997093900000005,0.96772531799999995,0.91433639,0.99295442113988996,18.0,14.647335140539999,13.403239754659699,1070.77491724983,4300.6870348355596,4730.3305129999999,4684.2246906050104,2883.7191282410799,10917.219721978699,10996.2089071887
"1999Q4",221.423593864677,4053.3694599999999,7160.09461027218,7073.3770478547403,1436.17936780535,985.94822520663502,2464.5579098672401,2622.93840813016,2344.5209644822899,2186.28190965667,2136.0220449058102,14.16333333,1703.2032400000001,4.1539000000000001,5381.0686279399597,716402.99750000006,5400.7114400496903,13720.59245,1.01225971156786,0.94947511022063302,0.95052826218674702,1.0447164798380899,0.95043609500000004,0.99614270199999999,0.97610435200000001,0.99243046854835104,19.0,15.744350892228301,14.133329553766,1062.4005764834701,4289.8762508764703,4358.0878300000004,4641.1843886147199,3088.1875855482199,10955.048245599901,11011.1374847057
"2000Q1",-4.1113318416228104,3867.8175729999898,7197.9231512832002,7236.7097874273504,1425.09774298916,908.929093229567,2747.0429859360102,2720.9393947926401,2300.15215676246,2128.2957197560399,2193.1864209865898,14.61333333,1693.392818,3.9468999999999999,5882.9266922014504,739235.74769999995,5864.8566254654597,14668.447,0.99464029410001498,0.95581922282185505,0.98683677673591397,1.0731357305620099,0.97346043199999999,1.001341284,0.992675686,1.0037549521593501,20.0,15.753118970998599,13.560851210246801,1055.6428156811301,5199.9538342402502,5227.2381960000002,4573.0466811591896,3510.73835746945,11402.9433284099,11509.1058418995
"2000Q2",-39.678261222026698,3964.736492,7416.0706711549301,7445.7110078108599,1411.0252060815901,900.648128488152,2504.9789984020599,2541.7949971684202,2138.7501218615698,2109.4693470776501,2093.0382405367,12.1,1686.6707739999999,3.7332999999999998,5601.7366145045798,753596.99620000005,5658.5747865453604,14189.31321,0.99601913952544796,0.95609142167205596,0.99363616384500397,1.03082243623696,0.98859375699999996,0.99521933200000001,0.98301322400000002,0.997414228853991,21.0,16.333894427525902,12.7277198553905,1060.08324992761,4832.0511406153501,4941.6452179999897,4498.9200040700198,3596.6953156048598,11373.2928162509,11323.9364157486
"2000Q3",-87.524977258310102,3877.508143,7396.9231379323301,7382.7191557851902,1402.6431189571999,891.81474944361605,2568.5100234670299,2554.5494494742302,2045.1464394325999,2163.1526017954902,2154.9167168333902,11.869999999999999,1687.540268,3.6219000000000001,5960.3349395740397,771064.84180000005,5881.1781309643102,15593.09685,1.0019239499495201,0.95848182259409498,1.0025995633925799,0.94721251155233599,1.006117946,1.009661731,1.0079603399999999,0.99510199150165202,22.0,16.952672201818,12.067961924145999,1052.24695473469,5271.1049091219402,5245.7819740000004,4456.5190199100398,3616.07070970013,11319.780208666099,11369.2641878702
"2000Q4",220.80671951068899,3922.5687130000001,7563.1423113844203,7513.9570448045297,1390.8042456974899,884.075968700658,2602.3395460410802,2587.70780430788,2202.9153529300702,2236.36519677255,2136.2134165785001,11.32,1666.4169569999999,3.4735999999999998,5897.2580343052396,796718.00340000005,5929.1726233516001,16425.329089999999,1.00654585410677,0.961243462323772,1.0127545945666301,0.95518792284904397,1.02932011,0.99373615299999996,1.0132908899999999,1.00255509234796,23.0,16.6677266271005,10.628677438056799,1057.5764261710401,5165.9118026898204,5066.9313229999998,4526.2454270660801,3809.0586316230301,11647.6524675419,11596.443684850001
"2001Q1",164.83388334935901,4092.6110370000001,7856.5423378651803,7648.8371543486401,1376.16727570224,865.87541231150203,2630.4330608627301,2651.0753466504202,2293.7175670440502,2507.8622203505602,2400.6978528475602,11.20333333,1654.783572,3.6932999999999998,6553.71870876922,796567.72759999905,6538.3672908122799,17123.035049999999,1.0271551321233701,0.95739325038965495,0.97514820365073296,0.93023092529710605,1.0006391269999999,1.001057546,1.000561493,0.99558241096419298,24.0,16.6867925932407,11.8759993061676,1066.72023711364,5874.4316297598098,5861.7646409999998,4652.8433120741802,4022.71987077002,12001.410723643499,12188.8415873837
"2001Q2",31.180667277029901,4107.3760179999999,7712.55119084128,7608.0089352613304,1360.5332992563899,865.73660247420298,2635.3206213846402,2682.6527987834902,2127.4148262061099,2219.8698061104201,2163.3538709355298,10.390000000000001,1647.37832,3.4900000000000002,6577.2820984514901,787725.55669999996,6565.15125200078,18746.714609999999,1.0137410794952399,0.96954015191814402,0.98912866814953704,0.96165349753190799,1.009791377,1.006460618,1.006658359,1.0041894934950399,25.0,17.375798274669801,9.5979253216662404,1062.1716312921101,6050.8355179947403,6026.6443730000001,4623.7459712547297,4135.8875642217699,12065.5948412122,11946.6893932566
"2001Q3",-19.522074785529099,4168.7943349999896,7847.5240097545602,7688.7456652402898,1345.2099202545101,869.21756657693004,2612.3564658448299,2663.1614274398398,2167.7327348875401,2393.2994173073398,2317.1627482045701,9.5800000000000001,1636.2729360000001,3.5608,6510.9967601614999,779869.44200000004,6688.1930649395799,18863.078270000002,1.0206507473946,0.97699663074640297,0.97795350913899703,0.905056508276459,0.99837310099999999,0.97068021699999996,0.97444004299999998,0.99510105784576497,26.0,17.932793816135401,10.4667892255359,1062.8841693320801,6033.6597069951104,6204.6908480000002,4596.0624213710198,4209.9077999884303,12120.8409981074,12166.0455491596
"2001Q4",130.23777431062899,4674.3185270000004,8100.4432784820801,7842.1024596294701,1346.94560426368,869.29840609315704,2535.36740182434,2660.7221839404201,2732.5026100003101,2880.88049426107,2774.6142131126398,8.6966666670000006,1633.434276,3.5823999999999998,7198.5480776539198,772453.0797,7567.7814005432501,19278.238949999999,1.03294280075815,0.98029186669691704,0.95883527252603495,0.92419670005515397,0.98186380200000001,0.94988628100000005,0.92817249899999998,0.98907854492703495,27.0,17.6666821832486,9.2286646682079905,1070.9722426385899,6228.04132808129,6698.5130810000001,4658.4703082665501,4326.1936731515898,12400.493195590299,12538.408311449901
"2002Q1",134.113913521678,4895.3208860000004,8243.1071853243393,8043.6338579533303,1372.6068590324601,862.94165286972202,2741.72408307657,2589.0413148607299,2362.8950705203802,2673.6183330720601,2631.4527275413602,7.7833333329999999,1636.550446,3.4807000000000001,7121.6343635519097,774623.37459999998,7572.2571563081001,19192.943810000001,1.0247989069236101,0.98312170975010404,1.04077905444135,0.89954928715145099,0.98118134700000004,0.93982362900000005,0.92015598799999998,0.990379172558981,28.0,16.041505995843,7.6031479422067401,1114.4649823919001,6346.4686318571203,6870.5341529999996,4966.6393546885702,4063.7946706883099,12502.902384175,12696.518810568999
"2002Q2",213.26176818149,5011.6054940000004,8312.67792342539,8109.0305976926502,1410.20685646727,870.42378120105695,2576.35080184138,2631.6773583069098,2694.3996266281301,2852.7768606309601,2608.4378457037101,7.1133333329999999,1633.1669449999999,3.4525000000000001,7760.4119643022404,796140.20689999999,8133.3229663503598,20580.63118,1.0251136462341901,0.97376465231549503,0.986430102439245,0.94429886658783102,0.97990865199999999,0.95721682699999999,0.9322587,0.99788704679024298,29.0,13.397004127100701,6.3724629455455197,1110.14838441812,6992.9253364023398,7512.4688509999896,4876.9461690006201,4578.9674725408804,12946.09822837,12941.5534545344
"2002Q3",147.453892721946,5360.6349110000001,8382.7555414023791,8290.0352811695302,1423.8915645964,871.19312626696205,2798.2996283360499,2763.2325252661899,2745.7458221470201,2855.7784428474502,2619.87679858105,6.2833333329999901,1629.583717,3.4527000000000001,7560.7042353502902,801310.68279999995,8076.9866650389104,21637.73647,1.01118454350169,0.96883071161406198,1.00819375114173,0.96403688043453295,0.96889013800000001,0.93448725499999996,0.92767423800000004,1.0026188255655299,30.0,12.5406540344189,5.8516758800796396,1122.8948119521799,6889.7208396710803,7442.689781,5031.5837587119004,4721.87081346588,13242.778777347599,13186.301613699799
"2002Q4",175.62726352587501,5756.7243559999897,8417.2225638135005,8178.0298584584298,1415.56454566865,880.71570108363403,2768.3355090527698,2783.2086604649999,2871.7290793995398,3058.6102158414301,2846.8841532163401,6.0533333330000003,1621.6285399999999,3.4525999999999999,7892.8868137435202,803326.36029999994,8428.7628707891508,22560.775030000001,1.0292482064133901,0.96908817624760202,1.00146372448586,0.91677351596748702,0.97143586100000001,0.93481502699999997,0.92067414700000005,0.99761150503468699,31.0,12.842936544713901,6.5645473175209297,1126.11339845714,7135.4366250878002,7748.5850219999902,5173.2585865516503,4558.9704789217003,13260.4076195578,13303.5720868765
"2003Q1",368.62530398700602,6149.0124450000003,8886.6595598509502,8705.5782937666409,1405.6348299009601,895.40621396762299,2764.7820953287101,2634.1680706995598,2567.5900319635898,3062.6448183562702,2726.45286568549,6.233333333,1608.7003440000001,3.4527000000000001,7910.7184551840501,810689.54000000004,8414.0529185926007,23896.036749999999,1.0208006016342299,0.96820859786406899,1.0320716121983899,0.84648821145854203,0.96407489499999999,0.93987583900000005,0.95972274199999996,1.00002066375994,32.0,12.7228745005098,6.0175467811723102,1151.7354312244099,7700.7857611176496,7979.4250499999998,5363.6100182651298,5074.8982399750703,13972.3225207958,14000.1966655461
"2003Q2",421.47058021795698,6625.7332729999898,9026.1008842910596,8876.9909586454596,1463.0203742942599,905.78861069646496,2867.7923057581702,2868.1250449026802,2986.5860065277302,3480.30467953161,3062.7203119620699,6.1566666669999899,1690.228548,3.4527999999999999,7695.8610267618797,803630.53599999996,8501.0256736312695,24656.4712,1.01679735017645,0.966446906474413,1.00386536032866,0.86036759581518696,0.94274334199999998,0.90706824200000002,0.89744939499999998,0.98833218308521997,33.0,13.268403648940099,7.2783881795732501,1163.1335529425901,6623.0265257791298,7399.4550589999999,5529.2002534067797,4913.5286161813501,13977.435276800101,14127.736281096901
"2003Q3",683.34647084329094,7704.0930340000004,9044.4398171345892,8939.2914343494504,1441.47059937212,913.301891537036,2808.6930657009798,2819.8202796877899,3360.06595126612,3893.3913683186802,3135.2424980655601,5.4633333329999996,1641.305456,3.4527999999999999,8193.6110720373399,816467.88540000003,9110.2561742976995,26503.337670000001,1.0117624963407099,0.95940365081353296,0.99490701061419995,0.86685416260151305,0.94036589000000004,0.898667997,0.90497390200000005,0.98298278436068298,34.0,12.2504347525744,5.9298770536255798,1169.2126568242099,7288.8138897832396,8067.5930169999901,5632.2798562364196,5122.62922479811,14300.572529076,14535.0375256484
"2003Q4",571.93543562433604,8602.8325229999991,9480.6259576225693,9449.9639094082195,1439.93800008165,923.26833672433702,2820.06684860312,2886.6183923759199,3419.1423859107499,3755.7650271186599,3199.0558493032399,5.4733333329999896,1625.907222,3.4525999999999999,8611.70321558869,831398.99849999999,9543.6360100724196,27565.358929999999,1.0032446735784699,0.95671344889326704,0.98269889569719104,0.89138985241764401,0.94219694799999998,0.90085016600000001,0.91629408700000003,0.98821926708555696,35.0,11.492492434331201,4.9099106640418499,1185.81507706498,7528.6192786470701,8211.1187009999994,5678.1147617275601,5200.9496237270596,14593.4298123513,14775.0562776393
"2004Q1",932.00999087071,9202.5863100000006,9651.1864122256793,9723.7540474574398,1427.0839214259399,935.80111844564794,2907.5679371310298,2892.90471945117,3775.4658638268802,4345.6427025393896,3366.0133004823101,5.4100000000000001,1624.146293,3.4529999999999998,8638.9035496669094,841624.67740000004,9628.3860276765408,29955.022349999999,0.99253707622821397,0.957611268971859,0.98543750988624601,0.87811900216973504,0.94330571699999999,0.89684604899999998,0.94572655500000002,0.99120942411572499,36.0,12.140677251117101,5.0882075170522603,1172.93698738905,7474.9961285138797,7854.1345879999999,5910.6380999548201,5339.7804304275296,15008.573671656401,15140.4306185851
"2004Q2",797.24086463126105,10162.211579999999,10039.9404424239,9981.5628118343393,1429.4638761786,941.66689571069298,3046.5403639404599,3006.5436686564599,3492.9550219637199,4371.5412734858601,3570.28233810253,5.4666666669999904,1618.986339,3.4527999999999999,9068.1693512869697,864699.5135,10006.786372681399,31357.514770000002,1.00584854613352,0.97135678693298999,1.018616516367,0.798834457006659,0.96049029900000005,0.90737988599999997,0.97187902599999998,1.0040347220263599,37.0,11.588783540387899,4.2312942243992699,1224.87999718327,7670.9116677415604,7932.8777479999999,6238.2150886239897,5541.0217601085496,15351.5360763099,15281.7210585432
"2004Q3",535.29205970976102,10379.28529,10441.015204048401,10240.380948636801,1435.97906581548,948.91669912838302,3072.4519622067701,3087.2084373479101,3355.35506163232,4197.0390096296996,3668.3127115349198,5.5,1614.4570000000001,3.4527999999999999,9556.1425157678605,882369.82070000004,10590.0365901884,33426.669950000003,1.01959246012604,0.98194653095666695,0.99450665958131701,0.79939673329356598,0.96757529399999997,0.90248192900000002,0.99916628600000001,1.02084974752472,38.0,11.2071488525688,3.9586923052380598,1252.82545991233,8457.5564659412703,8466.4945810000008,6379.2209790142297,5652.7508386871395,15731.515911255399,15407.652148040999
"2004Q4",780.185072030333,10933.33987,10528.663584723001,10316.291056300301,1452.0560270358001,954.80747102947203,3076.3346500964399,3150.1616462358502,3747.5101473957302,4308.4476054094803,3510.80382068571,5.2320193689999899,1623.6743019999999,3.4527999999999999,9753.7023047684397,901030.58059999906,10691.546767690201,35135.491190000001,1.0205861319018299,0.98481489748414797,0.97708726216264996,0.86546362254578102,0.96986242600000006,0.910267508,1.016461117,1.03740896403495,39.0,10.5511876605038,3.7977573664829598,1284.38391337544,8930.6489859339799,8765.2861900000007,6624.6126586772898,5999.6091642041602,16431.329220969601,15831.181017561999
"2005Q1",757.982636163807,11760.44349,10731.006775981399,10577.079026658501,1461.2070012525901,978.71734892180405,3164.03161643152,2997.5410414442099,3803.8846625422998,4279.0822134318796,3673.9239203790298,5.1259455269999998,1615.405585,3.4527999999999999,10125.9408752933,880253.35089999996,11036.1857812204,37823.043790000003,1.0145529544531899,0.98850750809779797,1.03799304971652,0.89028673693877003,0.97351758200000005,0.91724085799999999,1.0165522389999999,1.04717751045726,40.0,9.4709288115128096,4.4170996712338102,1300.13467040364,9276.6594696501197,9090.5223050000004,6883.5508009921796,6105.9473156386302,16822.579383624201,16060.8631484252
"2005Q2",656.80484164997802,12841.836219999999,11407.8983999538,11215.0390322152,1464.11320316654,982.54713293958798,3319.3316879669401,3142.2939189324702,4209.5164757460498,4209.2434228345201,3758.9177087039898,4.9553546070000003,1605.3449169999999,3.4527999999999999,11286.8112912534,929330.90350000001,11918.568636104799,39144.703699999998,1.0171964954544099,0.99458627272484401,1.0630753073499299,0.99900197787124601,0.982836771,0.94782532399999997,1.033917768,1.0749086756142601,41.0,8.7470346481573102,2.58030985899974,1338.0806557655001,9810.4271049406907,9523.1193669999902,7210.5797852728101,6338.2504241504403,17620.7954874487,16377.6062323969
"2005Q3",208.25698113817401,14179.284589999999,11801.562211525599,11466.000826617799,1477.2014608724801,993.68569264709402,3317.9695381219199,3187.50538538315,4584.7730795854404,4246.1799375877599,4061.75369751873,4.7702535319999999,1598.6203579999999,3.4527999999999999,11945.9902799384,936560.98499999999,11890.1644239118,41949.814680000003,1.0292657736539399,1.00343962962324,1.04011443954433,1.0773827550925399,0.99882956599999995,1.005756348,1.079174485,1.08964459888845,42.0,7.5895898951809704,3.7515297840255699,1367.69570962333,10533.929493498999,9765.1220279999998,7452.3065053535502,6645.1868848435897,18303.1222338271,16798.4744947461
"2005Q4",177.46340721175801,15703.55948,12411.3000522315,11884.8850330722,1492.45753902362,1008.42159045472,3601.2335043877902,3242.92734630005,4596.9911508330297,4205.7121055379903,4160.7044972467402,4.5896963,1606.050056,3.4527999999999999,13063.472642954101,956009.71409999998,12779.5283866267,44187.419280000002,1.04429281542854,1.01326783131092,1.10205678024683,1.09477443712907,1.0122101509999999,1.0193259020000001,1.1124031329999999,1.1093338483736399,43.0,7.1118847423019602,3.1503138570356,1424.49918105968,11703.7758599873,10503.0074,7754.5914882127299,7068.03541014032,19081.669725584499,17189.459297204099
"2006Q1",714.15541646523104,17677.884020000001,12141.9129830821,11582.2563069883,1499.1654590210001,1021.78632490697,3641.32873996638,3256.9916379840402,5461.8743615456597,4665.6301746358404,4368.4123495921904,4.4259612380000002,1592.0328910000001,3.4527999999999999,14130.870156986201,994226.79700000002,13428.996714859601,45529.940119999999,1.0483201771105799,1.0210254502392999,1.10677536152415,1.1727454464198701,1.0271227489999999,1.051179616,1.114480331,1.1144080817659801,44.0,5.90313925461452,4.4527638360202904,1470.7905798961201,12263.885871210799,10962.91966,8162.6803710434197,6981.1750740543903,19455.750668222299,17455.738656170201
"2006Q2",-188.55024447920101,19434.9584499999,13075.9512038219,12256.6900534497,1495.5739242212601,1024.45197108364,3554.7711044222301,3186.5426374856002,4968.2072137473697,4168.74468100586,4522.9236033672396,4.712554248,1587.7269449999999,3.4527999999999999,13982.6918254723,1009128.222,13148.6807245824,50217.193330000002,1.0668419570699299,1.0305066612031799,1.1262853671637101,1.19441673653092,1.027794162,1.06476697,1.119191297,1.1305837120053499,45.0,5.7809543421555896,3.7386386435935601,1529.73925478003,12456.1516227056,11153.45196,8484.8511606991906,6951.0193645877698,20128.3011915551,17782.377285241
"2006Q3",74.205650528683606,20880.76067,13888.1199949078,13006.28395035,1495.2209074555701,1029.9638404247801,4369.3740528644103,3279.9062617436398,5428.4712280368403,4552.4946266104398,4673.2435526693598,5.0565162279999996,1591.138434,3.4527999999999999,14496.4721601355,995558.19070000004,13701.5872963361,52839.545250000003,1.0678007682996999,1.0430895723304501,1.3227094241180699,1.1758644430226199,1.030650367,1.0600805959999999,1.128006171,1.1731228664109601,46.0,6.0019690276426703,1.70732744254415,1638.0774846438501,12028.018936192,10657.94585,9146.8142713670804,7212.1645000216704,21110.214814594499,17989.997968955598
"2006Q4",4.4228620030389703,22260.896400000001,14241.1199304488,13098.609151856401,1505.2885764521,1036.88556381953,4334.5547852422396,3329.47171601526,5950.3151539316004,5109.1595761436902,5110.5707270263001,5.2637711950000003,1580.7090619999999,3.4527999999999999,14743.812883524601,1019295.248,13958.751922458699,58394.403010000002,1.0872238239455001,1.0552580555600699,1.2901573445005901,1.1922318161365599,1.0300940780000001,1.052297622,1.123379122,1.1867135743554,47.0,4.8320026853615401,4.9171857743223297,1697.5681016104299,12171.4889000485,10844.35296,9525.7154753281902,7490.7073964642696,21875.252743926601,18428.675494442301
"2007Q1",192.75077223147599,24170.300070000001,14925.837464280699,13577.9257214149,1522.7978020348301,1052.0923811093101,4152.8057665631304,3370.7503847752801,7160.1283274679399,5452.1215820807602,5785.4904623191796,5.5896367429999998,1594.601453,3.4527999999999999,16216.565663008099,1040611.986,15019.652859034501,62917.134689999999,1.0992722872787399,1.0645441075786499,1.2259815487932899,1.2942747838108899,1.0343883659999999,1.077402025,1.1493414019999999,1.2086121651636601,48.0,4.57592296989485,4.5960591897386598,1776.9615336071199,12870.924359765901,11146.411040000001,9638.9738347639795,8081.77657413631,23025.8431692374,19053.675521706398
"2007Q2",717.90120612133603,25963.807509999999,15517.742665146799,13884.151199394501,1539.74253995152,1073.32745378146,4291.9733779772096,3348.3219938470402,8080.1834635282603,6515.9233749322502,5844.0002204019002,6.2680873879999899,1608.6070769999999,3.4527999999999999,16877.311186137998,1042974.849,15460.850698996899,67376.024969999999,1.11765872052902,1.0801063274539899,1.29176279019744,1.2451482539494301,1.0393325609999999,1.094235303,1.179632394,1.2307122922966101,49.0,4.2574426346176804,5.5349672916133699,1840.7941582419,13316.032358754101,11294.340700000001,10325.968205208599,8533.6691748007306,24178.6215331905,19627.864620767901
"2007Q3",355.296950941452,28086.968819999998,15922.821652737201,13890.0573802129,1541.38379139522,1077.1624674096299,4465.2136237294098,3347.29091781841,7610.33613629716,5701.35242039076,5695.1152216944001,6.916929455,1610.7050879999999,3.4527999999999999,16540.881884110298,1057329.4650000001,14989.1196772157,71092.879820000002,1.14634671527131,1.10514125954901,1.32229910886978,1.3103008246207799,1.038106593,1.105896115,1.178833596,1.2646998355077801,50.0,4.0959002556845796,5.3807027187281102,1929.2837236585001,13697.853079620099,11626.21776,10898.7930068613,8794.2264187453202,25237.142030440798,19924.8585534515
"2007Q4",11.9000610970306,30508.018759999999,17293.996674544302,14681.773268250399,1531.4073655428799,1080.8950787163801,4646.1352594243799,3406.0551878689998,7514.1594147184896,5805.1115278890602,5766.1284093476297,7.7705107030000002,1597.429187,3.4527999999999999,16875.4685275806,1059369.1850000001,14594.383335374399,77812.760280000002,1.17792288155974,1.13860137959595,1.35477999751318,1.3416395199361599,1.051160273,1.1513859799999999,1.2418834320000001,1.2928703986009,51.0,4.2508871385581601,7.2615287205731898,2014.6675444520499,13418.042384979501,10820.650030000001,11490.730433598699,8463.7906910797901,25954.0081267237,20092.123621189701
"2008Q1",1490.9078653420299,32295.647150000001,18173.678057290399,15109.155597536401,1526.2580682886801,1090.0022312122701,5003.1715579950196,3565.6533639417698,9337.7384546313097,6570.2227876083398,5825.7513711395604,7.8069006559999998,1596.3106809999999,3.4527999999999999,21398.2133795222,1075154.8829999999,17856.256303329399,89098.883430000002,1.2028255278708999,1.1768907330354801,1.3974850290909,1.4005599173079599,1.0653442500000001,1.1943173650000001,1.326618984,1.35653369981662,52.0,4.4567888775883899,4.2579070519078899,2197.2179961572401,16452.5469824877,12319.893459999999,11847.7145749678,9675.7918687008605,27736.462892389602,20455.105354630399
"2008Q2",559.76346339432996,34260.349029999998,18459.926905361801,14933.665248962299,1522.9488268095199,1085.09412129162,5266.7204986850702,3632.1888317674602,8465.9559301581994,6215.5917644340898,5677.9928579548496,7.5570068389999996,1597.042496,3.4527999999999999,20867.701536936002,1082615.01,17157.742271003401,96235.862680000006,1.23612834475745,1.20989104730443,1.45708338828502,1.34787734296324,1.0742801470000001,1.220600983,1.3509494470000001,1.37896322444146,53.0,4.6818532319878896,8.2123561359606292,2255.2479317784,17514.7887823403,13002.617679999999,12310.2523887361,9849.9707820000804,28490.7921909248,20648.485811075599
"2008Q3",702.90395353628196,35434.057559999899,18279.324809061101,14453.4715390647,1517.51288873617,1071.5984967026,5478.9211483044401,3645.2922947063898,7079.79109045513,5599.7294115892,5394.5359928408798,7.7202027470000001,1620.8072520000001,3.4527999999999999,20505.8605884588,1068370.7849999999,16895.410577352399,100091.2822,1.26470133902819,1.2353037735253101,1.4898916439893,1.23675270481056,1.083807848,1.2164721949999999,1.356487301,1.37275280340173,54.0,6.1986839030274403,11.253290887832,2295.1318980098099,17662.492869868602,13004.68462,12703.689950019299,9014.8458554565204,27953.3011792736,20305.4778227959
"2008Q4",12.1750980482611,35345.121639999998,17526.263594178101,13646.2100711324,1512.4644267691101,1042.10296720464,5628.8411510194701,3681.8886095947501,5507.6930230559701,4946.2318133890803,4831.5272482171004,9.3828811099999996,1642.4363350000001,3.4527999999999999,17074.9598553246,1014685.621,14559.841195012799,81920.503649999999,1.2843319502499499,1.24566546194368,1.52478399323915,1.18358086311335,1.0454654029999999,1.166952392,1.27300697,1.3795891544329799,55.0,8.0292473021616004,12.295375642425901,2278.6648889976,15258.5155462731,11998.62283,12125.2189856266,8138.5317483528197,27002.8210664164,19610.582661979799
"2009Q1",-1030.3255916149301,34904.746740000002,16662.6883802138,12725.3536561526,1448.8931780207799,993.33877722968998,5581.2946420400804,3640.4022129688301,1016.14300994054,1740.68342691711,3580.8130355210801,8.2083902549999994,1636.1582619999999,3.4527999999999999,12806.7532069804,936709.51439999999,11837.131015738199,60565.046600000001,1.3094086679593,1.2782802546902099,1.5232919273474299,0.56900228378398598,1.007009008,1.0779465539999999,1.165836479,1.3239997356336899,56.0,10.761431939468601,16.459948400918002,2238.3090887240301,12566.246046334099,10710.1494,11635.407153635,6042.5794598611901,23537.3913452001,17789.261697289399
"2009Q2",-1158.94666488601,33957.63953,16036.0457310778,12322.9844918911,1421.45159634065,950.63959731510795,5208.3058071186597,3624.8291643163998,2906.2443389117602,2056.4807069349099,3353.7640290280901,8.6126894370000002,1645.324208,3.4527999999999999,12095.7888313123,914530.34250000003,11461.0014343477,59520.525179999997,1.30131184873518,1.27277613316839,1.4397054950933399,1.37483790117232,0.99806809200000002,1.059682598,1.1687794060000001,1.4222849944175799,57.0,14.188903426131899,2.4567301942953299,2190.6176320909399,11604.995541537401,9971.0217329999996,10911.3902992899,6995.9569568984698,23693.733657893001,16652.6513190019
"2009Q3",-435.265151647518,33063.315399999999,15591.3943856682,12040.142641992599,1404.82462352992,916.59167031191805,4706.4891176514202,3555.0140624855298,3154.18727515514,2805.0384024810501,3166.2512476414499,8.6349245240000005,1637.6859529999999,3.4527999999999999,12610.412617932099,940523.75870000001,11747.663130230199,62923.628389999998,1.2949509693755501,1.2699427606604801,1.31628093038315,1.1071885024639301,0.99652039299999995,1.0759412740000001,1.1177395969999999,1.2936749381957,58.0,14.4948965175528,24.064132945553101,2119.28812253979,12110.594290626101,10818.853929999999,10130.7682712609,6854.9746152325297,22591.1408726669,17397.333600241898
"2009Q4",202.32612926189501,32014.969349999999,14644.4520522968,11188.787926036501,1388.14261932932,886.17726627699994,3954.9140462223399,3390.4851909252202,4002.3685484629,3399.0793931203002,3121.1007461660301,7.2086439550000003,1644.3835320000001,3.4527999999999999,12967.1432070829,957497.77989999996,11889.429655050501,69202.718930000003,1.30885062341908,1.2630655878657999,1.1640677074246899,1.2630696005036599,1.002654723,1.084831667,1.1745291019999999,1.3269017745383,59.0,15.8882901283728,6.2756513660077404,2082.22743519387,13011.2454205494,11069.860629999999,9465.1791641834807,7189.7163489971199,22602.658632739,17083.130967339199
"2010Q1",202.32612926189501,31614.78224,,,,,,,,,,6.5,1644.3835320000001,3.4527999999999999,,964679.01329999999,,67991.671350000004,,,,,1.002654723,1.084831667,1.1745291019999999,,60.0,,,,,11208.23388,,,,
"2010Q2",202.32612926189501,31219.597460000001,,,,,,,,,,6.5,1640.272573,3.4527999999999999,,971914.10589999997,,67141.775450000001,,,,,1.002654723,1.084831667,1.1745291019999999,,61.0,,,,,11348.336810000001,,,,
"2010Q3",202.32612926189501,30829.352490000001,,,,,,,,,,6.5,1636.171891,3.4527999999999999,,984063.03220000002,,66973.921010000005,,,,,1.002654723,1.084831667,1.1745291019999999,,62.0,,,,,11546.932699999999,,,,
"2010Q4",202.32612926189501,30443.98558,,,,,,,,,,6.0,1632.0814620000001,3.4527999999999999,,996363.82010000001,,66973.921010000005,,,,,1.002654723,1.084831667,1.1745291019999999,,63.0,,,,,11749.00402,,,,
"2011Q1",202.32612926189501,30215.65569,,,,,,,,,,6.0,1628.001258,3.4527999999999999,,1003836.549,,67811.095029999997,,,,,1.0039080410000001,1.0875437459999999,1.1774654250000001,,64.0,,,,,11895.86657,,,,
"2011Q2",202.32612926189501,30064.577410000002,,,,,,,,,,6.0,1623.931255,3.4527999999999999,,1016384.5060000001,,68658.733720000004,,,,,1.0056648800000001,1.0902626049999999,1.1804090890000001,,65.0,,,,,12104.044239999999,,,,
"2011Q3",202.32612926189501,29914.254529999998,,,,,,,,,,5.5,1619.871427,3.4527999999999999,,1029089.312,,69860.261559999999,,,,,1.0081790429999999,1.092988262,1.183360111,,66.0,,,,,12315.86501,,,,
"2011Q4",202.32612926189501,29764.6832499999,,,,,,,,,,5.5,1615.8217480000001,3.4527999999999999,,1041952.928,,71082.816130000007,,,,,1.0106994899999999,1.0957207330000001,1.1863185119999999,,67.0,,,,,12531.39265,,,,
"2012Q1",202.32612926189501,29615.859840000001,,,,,,,,,,5.5,1611.7821939999999,3.4527999999999999,,1054977.3400000001,,72326.765410000007,,,,,1.013226239,1.0984600339999999,1.189284308,,68.0,,,,,12750.69202,,,,
"2012Q2",202.32612926189501,29541.820189999999,,,,,,,,,,5.5,1607.7527379999999,3.4527999999999999,,1068164.557,,74496.568379999997,,,,,1.015759305,1.1012061849999999,1.192257519,,69.0,,,,,12973.82913,,,,
"2012Q3",202.32612926189501,29467.965639999999,,,,,,,,,,5.0,1603.733356,3.4527999999999999,,1081516.6140000001,,76731.465429999997,,,,,1.0182987029999999,1.1039592,1.195238163,,70.0,,,,,13200.871139999999,,,,
"2012Q4",202.32612926189501,29394.295719999998,,,,,,,,,,5.0,1599.724023,3.4527999999999999,,1097739.3629999999,,79033.409390000001,,,,,1.02084445,1.1067190979999999,1.198226258,,71.0,,,,,13464.888559999999,,,,
"2013Q1",202.32612926189501,29320.809980000002,,,,,,,,,,5.0,1595.7247130000001,3.4527999999999999,,1114205.453,,81404.411669999899,,,,,1.023396561,1.109485896,1.2012218240000001,,72.0,,,,,13734.18634,,,,
"2013Q2",202.32612926189501,29247.507959999999,,,,,,,,,,5.0,1591.7354009999999,3.4527999999999999,,1130918.5349999999,,83846.544020000001,,,,,1.025955052,1.112259611,1.204224878,,73.0,,,,,14008.870059999999,,,,
"2013Q3",202.32612926189501,29174.389190000002,,,,,,,,,,5.0,1587.756063,3.4527999999999999,,1147882.3130000001,,86361.940340000001,,,,,1.02851994,1.11504026,1.20723544,,74.0,,,,,14289.04746,,,,
"2013Q4",202.32612926189501,29101.453219999999,,,,,,,,,,5.0,1583.7866730000001,3.4527999999999999,,1165100.548,,88952.798550000007,,,,,1.0310912400000001,1.11782786,1.2102535290000001,,75.0,,,,,14574.82841,,,,
"2014Q1",202.32612926189501,29101.453219999999,,,,,,,,,,5.0,1579.8272059999999,3.4527999999999999,,1182577.0560000001,,91621.382509999894,,,,,1.033668968,1.1206224300000001,1.2132791629999999,,76.0,,,,,14866.324979999999,,,,
"2014Q2",202.32612926189501,29101.453219999999,,,,,,,,,,5.0,1575.8776379999999,3.4527999999999999,,1200315.7120000001,,94370.023990000002,,,,,1.0362531399999999,1.1234239859999999,1.216312361,,77.0,,,,,15163.65148,,,,
"2014Q3",202.32612926189501,29101.453219999999,,,,,,,,,,5.0,1571.937944,3.4527999999999999,,1218320.4480000001,,97201.124710000004,,,,,1.038843773,1.126232546,1.2193531419999999,,78.0,,,,,15466.924510000001,,,,
"2014Q4",202.32612926189501,29101.453219999999,,,,,,,,,,5.0,1568.0080989999999,3.4527999999999999,,1236595.254,,100117.1584,,,,,1.0414408820000001,1.1290481269999999,1.2224015239999999,,79.0,,,,,15776.263000000001,,,,
"2015Q1",202.32612926189501,29101.453219999999,,,,,,,,,,5.0,1564.0880790000001,3.4527999999999999,,1255144.183,,103120.6732,,,,,1.0440444849999999,1.1318707480000001,1.225457528,,80.0,,,,,16091.788259999999,,,,
"2015Q2",202.32612926189501,29101.453219999999,,,,,,,,,,5.0,1560.177858,3.4527999999999999,,1273971.3459999999,,106214.2934,,,,,1.046654596,1.134700424,1.228521172,,81.0,,,,,16413.624029999999,,,,
"2015Q3",202.32612926189501,29101.453219999999,,,,,,,,,,5.0,1556.2774139999999,3.4527999999999999,,1293080.916,,109400.7222,,,,,1.0492712319999999,1.1375371750000001,1.231592475,,82.0,,,,,16741.896509999999,,,,
"2015Q4",202.32612926189501,29101.453219999999,,,,,,,,,,5.0,1552.38672,3.4527999999999999,,1312477.1299999999,,112682.7439,,,,,1.0518944100000001,1.140381018,1.2346714560000001,,83.0,,,,,17076.73444,,,,
